[0.080s] [34mcolcon[0m [1;30mDEBUG[0m [32mCommand line arguments: ['/usr/bin/colcon', 'build'][0m
[0.080s] [34mcolcon[0m [1;30mDEBUG[0m [32mParsed command line arguments: Namespace(log_base=None, log_level=None, verb_name='build', build_base='build', install_base='install', merge_install=False, symlink_install=False, test_result_base=None, continue_on_error=False, executor='parallel', parallel_workers=32, event_handlers=None, ignore_user_meta=False, metas=['./colcon.meta'], base_paths=['.'], packages_ignore=None, packages_ignore_regex=None, paths=None, packages_up_to=None, packages_up_to_regex=None, packages_above=None, packages_above_and_dependencies=None, packages_above_depth=None, packages_select_by_dep=None, packages_skip_by_dep=None, packages_skip_up_to=None, packages_select_build_failed=False, packages_skip_build_finished=False, packages_select_test_failures=False, packages_skip_test_passed=False, packages_select=None, packages_skip=None, packages_select_regex=None, packages_skip_regex=None, packages_start=None, packages_end=None, allow_overriding=[], cmake_args=None, cmake_target=None, cmake_target_skip_unavailable=False, cmake_clean_cache=False, cmake_clean_first=False, cmake_force_configure=False, ament_cmake_args=None, catkin_cmake_args=None, catkin_skip_building_tests=False, mixin_files=None, mixin=None, verb_parser=<colcon_mixin.mixin.mixin_argument.MixinArgumentDecorator object at 0x7a9f37c1dcc0>, verb_extension=<colcon_core.verb.build.BuildVerb object at 0x7a9f37db2980>, main=<bound method BuildVerb.main of <colcon_core.verb.build.BuildVerb object at 0x7a9f37db2980>>, mixin_verb=('build',))[0m
[0.198s] [34mcolcon.colcon_core.package_discovery[0m [1;30mLevel 1[0m discover_packages(colcon_meta) check parameters
[0.198s] [34mcolcon.colcon_core.package_discovery[0m [1;30mLevel 1[0m discover_packages(recursive) check parameters
[0.198s] [34mcolcon.colcon_core.package_discovery[0m [1;30mLevel 1[0m discover_packages(ignore) check parameters
[0.198s] [34mcolcon.colcon_core.package_discovery[0m [1;30mLevel 1[0m discover_packages(path) check parameters
[0.198s] [34mcolcon.colcon_core.package_discovery[0m [1;30mLevel 1[0m discover_packages(colcon_meta) discover
[0.198s] [34mcolcon.colcon_core.package_discovery[0m [1;30mLevel 1[0m discover_packages(recursive) discover
[0.198s] [34mcolcon.colcon_core.package_discovery[0m [1;30mINFO[0m Crawling recursively for packages in '/home/mustafa/evoart_ws'
[0.198s] [34mcolcon.colcon_core.package_identification[0m [1;30mLevel 1[0m _identify(.) by extensions ['ignore', 'ignore_ament_install']
[0.198s] [34mcolcon.colcon_core.package_identification[0m [1;30mLevel 1[0m _identify(.) by extension 'ignore'
[0.198s] [34mcolcon.colcon_core.package_identification[0m [1;30mLevel 1[0m _identify(.) by extension 'ignore_ament_install'
[0.198s] [34mcolcon.colcon_core.package_identification[0m [1;30mLevel 1[0m _identify(.) by extensions ['colcon_pkg']
[0.198s] [34mcolcon.colcon_core.package_identification[0m [1;30mLevel 1[0m _identify(.) by extension 'colcon_pkg'
[0.198s] [34mcolcon.colcon_core.package_identification[0m [1;30mLevel 1[0m _identify(.) by extensions ['colcon_meta']
[0.198s] [34mcolcon.colcon_core.package_identification[0m [1;30mLevel 1[0m _identify(.) by extension 'colcon_meta'
[0.198s] [34mcolcon.colcon_core.package_identification[0m [1;30mLevel 1[0m _identify(.) by extensions ['ros']
[0.198s] [34mcolcon.colcon_core.package_identification[0m [1;30mLevel 1[0m _identify(.) by extension 'ros'
[0.209s] [34mcolcon.colcon_core.package_identification[0m [1;30mLevel 1[0m _identify(.) by extensions ['cmake', 'python']
[0.209s] [34mcolcon.colcon_core.package_identification[0m [1;30mLevel 1[0m _identify(.) by extension 'cmake'
[0.209s] [34mcolcon.colcon_core.package_identification[0m [1;30mLevel 1[0m _identify(.) by extension 'python'
[0.209s] [34mcolcon.colcon_core.package_identification[0m [1;30mLevel 1[0m _identify(.) by extensions ['python_setup_py']
[0.209s] [34mcolcon.colcon_core.package_identification[0m [1;30mLevel 1[0m _identify(.) by extension 'python_setup_py'
[0.210s] [34mcolcon.colcon_core.package_identification[0m [1;30mLevel 1[0m _identify(build) by extensions ['ignore', 'ignore_ament_install']
[0.210s] [34mcolcon.colcon_core.package_identification[0m [1;30mLevel 1[0m _identify(build) by extension 'ignore'
[0.210s] [34mcolcon.colcon_core.package_identification[0m [1;30mLevel 1[0m _identify(build) ignored
[0.210s] [34mcolcon.colcon_core.package_identification[0m [1;30mLevel 1[0m _identify(install) by extensions ['ignore', 'ignore_ament_install']
[0.210s] [34mcolcon.colcon_core.package_identification[0m [1;30mLevel 1[0m _identify(install) by extension 'ignore'
[0.210s] [34mcolcon.colcon_core.package_identification[0m [1;30mLevel 1[0m _identify(install) ignored
[0.210s] [34mcolcon.colcon_core.package_identification[0m [1;30mLevel 1[0m _identify(log) by extensions ['ignore', 'ignore_ament_install']
[0.210s] [34mcolcon.colcon_core.package_identification[0m [1;30mLevel 1[0m _identify(log) by extension 'ignore'
[0.210s] [34mcolcon.colcon_core.package_identification[0m [1;30mLevel 1[0m _identify(log) ignored
[0.210s] [34mcolcon.colcon_core.package_identification[0m [1;30mLevel 1[0m _identify(src) by extensions ['ignore', 'ignore_ament_install']
[0.210s] [34mcolcon.colcon_core.package_identification[0m [1;30mLevel 1[0m _identify(src) by extension 'ignore'
[0.210s] [34mcolcon.colcon_core.package_identification[0m [1;30mLevel 1[0m _identify(src) by extension 'ignore_ament_install'
[0.210s] [34mcolcon.colcon_core.package_identification[0m [1;30mLevel 1[0m _identify(src) by extensions ['colcon_pkg']
[0.210s] [34mcolcon.colcon_core.package_identification[0m [1;30mLevel 1[0m _identify(src) by extension 'colcon_pkg'
[0.210s] [34mcolcon.colcon_core.package_identification[0m [1;30mLevel 1[0m _identify(src) by extensions ['colcon_meta']
[0.210s] [34mcolcon.colcon_core.package_identification[0m [1;30mLevel 1[0m _identify(src) by extension 'colcon_meta'
[0.210s] [34mcolcon.colcon_core.package_identification[0m [1;30mLevel 1[0m _identify(src) by extensions ['ros']
[0.210s] [34mcolcon.colcon_core.package_identification[0m [1;30mLevel 1[0m _identify(src) by extension 'ros'
[0.210s] [34mcolcon.colcon_core.package_identification[0m [1;30mLevel 1[0m _identify(src) by extensions ['cmake', 'python']
[0.210s] [34mcolcon.colcon_core.package_identification[0m [1;30mLevel 1[0m _identify(src) by extension 'cmake'
[0.210s] [34mcolcon.colcon_core.package_identification[0m [1;30mLevel 1[0m _identify(src) by extension 'python'
[0.210s] [34mcolcon.colcon_core.package_identification[0m [1;30mLevel 1[0m _identify(src) by extensions ['python_setup_py']
[0.210s] [34mcolcon.colcon_core.package_identification[0m [1;30mLevel 1[0m _identify(src) by extension 'python_setup_py'
[0.210s] [34mcolcon.colcon_core.package_identification[0m [1;30mLevel 1[0m _identify(src/evoart_behavior) by extensions ['ignore', 'ignore_ament_install']
[0.210s] [34mcolcon.colcon_core.package_identification[0m [1;30mLevel 1[0m _identify(src/evoart_behavior) by extension 'ignore'
[0.210s] [34mcolcon.colcon_core.package_identification[0m [1;30mLevel 1[0m _identify(src/evoart_behavior) by extension 'ignore_ament_install'
[0.210s] [34mcolcon.colcon_core.package_identification[0m [1;30mLevel 1[0m _identify(src/evoart_behavior) by extensions ['colcon_pkg']
[0.210s] [34mcolcon.colcon_core.package_identification[0m [1;30mLevel 1[0m _identify(src/evoart_behavior) by extension 'colcon_pkg'
[0.210s] [34mcolcon.colcon_core.package_identification[0m [1;30mLevel 1[0m _identify(src/evoart_behavior) by extensions ['colcon_meta']
[0.210s] [34mcolcon.colcon_core.package_identification[0m [1;30mLevel 1[0m _identify(src/evoart_behavior) by extension 'colcon_meta'
[0.210s] [34mcolcon.colcon_core.package_identification[0m [1;30mLevel 1[0m _identify(src/evoart_behavior) by extensions ['ros']
[0.210s] [34mcolcon.colcon_core.package_identification[0m [1;30mLevel 1[0m _identify(src/evoart_behavior) by extension 'ros'
[0.212s] [34mcolcon.colcon_core.package_identification[0m [1;30mDEBUG[0m [32mPackage 'src/evoart_behavior' with type 'ros.ament_cmake' and name 'evoart_behavior'[0m
[0.212s] [34mcolcon.colcon_core.package_identification[0m [1;30mLevel 1[0m _identify(src/evoart_bringup) by extensions ['ignore', 'ignore_ament_install']
[0.212s] [34mcolcon.colcon_core.package_identification[0m [1;30mLevel 1[0m _identify(src/evoart_bringup) by extension 'ignore'
[0.212s] [34mcolcon.colcon_core.package_identification[0m [1;30mLevel 1[0m _identify(src/evoart_bringup) by extension 'ignore_ament_install'
[0.212s] [34mcolcon.colcon_core.package_identification[0m [1;30mLevel 1[0m _identify(src/evoart_bringup) by extensions ['colcon_pkg']
[0.212s] [34mcolcon.colcon_core.package_identification[0m [1;30mLevel 1[0m _identify(src/evoart_bringup) by extension 'colcon_pkg'
[0.212s] [34mcolcon.colcon_core.package_identification[0m [1;30mLevel 1[0m _identify(src/evoart_bringup) by extensions ['colcon_meta']
[0.212s] [34mcolcon.colcon_core.package_identification[0m [1;30mLevel 1[0m _identify(src/evoart_bringup) by extension 'colcon_meta'
[0.212s] [34mcolcon.colcon_core.package_identification[0m [1;30mLevel 1[0m _identify(src/evoart_bringup) by extensions ['ros']
[0.212s] [34mcolcon.colcon_core.package_identification[0m [1;30mLevel 1[0m _identify(src/evoart_bringup) by extension 'ros'
[0.212s] [34mcolcon.colcon_core.package_identification[0m [1;30mDEBUG[0m [32mPackage 'src/evoart_bringup' with type 'ros.ament_cmake' and name 'evoart_bringup'[0m
[0.212s] [34mcolcon.colcon_core.package_identification[0m [1;30mLevel 1[0m _identify(src/evoart_control) by extensions ['ignore', 'ignore_ament_install']
[0.212s] [34mcolcon.colcon_core.package_identification[0m [1;30mLevel 1[0m _identify(src/evoart_control) by extension 'ignore'
[0.212s] [34mcolcon.colcon_core.package_identification[0m [1;30mLevel 1[0m _identify(src/evoart_control) by extension 'ignore_ament_install'
[0.212s] [34mcolcon.colcon_core.package_identification[0m [1;30mLevel 1[0m _identify(src/evoart_control) by extensions ['colcon_pkg']
[0.212s] [34mcolcon.colcon_core.package_identification[0m [1;30mLevel 1[0m _identify(src/evoart_control) by extension 'colcon_pkg'
[0.212s] [34mcolcon.colcon_core.package_identification[0m [1;30mLevel 1[0m _identify(src/evoart_control) by extensions ['colcon_meta']
[0.212s] [34mcolcon.colcon_core.package_identification[0m [1;30mLevel 1[0m _identify(src/evoart_control) by extension 'colcon_meta'
[0.212s] [34mcolcon.colcon_core.package_identification[0m [1;30mLevel 1[0m _identify(src/evoart_control) by extensions ['ros']
[0.212s] [34mcolcon.colcon_core.package_identification[0m [1;30mLevel 1[0m _identify(src/evoart_control) by extension 'ros'
[0.213s] [34mcolcon.colcon_core.package_identification[0m [1;30mDEBUG[0m [32mPackage 'src/evoart_control' with type 'ros.ament_cmake' and name 'evoart_control'[0m
[0.213s] [34mcolcon.colcon_core.package_identification[0m [1;30mLevel 1[0m _identify(src/evoart_description) by extensions ['ignore', 'ignore_ament_install']
[0.213s] [34mcolcon.colcon_core.package_identification[0m [1;30mLevel 1[0m _identify(src/evoart_description) by extension 'ignore'
[0.213s] [34mcolcon.colcon_core.package_identification[0m [1;30mLevel 1[0m _identify(src/evoart_description) by extension 'ignore_ament_install'
[0.213s] [34mcolcon.colcon_core.package_identification[0m [1;30mLevel 1[0m _identify(src/evoart_description) by extensions ['colcon_pkg']
[0.213s] [34mcolcon.colcon_core.package_identification[0m [1;30mLevel 1[0m _identify(src/evoart_description) by extension 'colcon_pkg'
[0.213s] [34mcolcon.colcon_core.package_identification[0m [1;30mLevel 1[0m _identify(src/evoart_description) by extensions ['colcon_meta']
[0.213s] [34mcolcon.colcon_core.package_identification[0m [1;30mLevel 1[0m _identify(src/evoart_description) by extension 'colcon_meta'
[0.213s] [34mcolcon.colcon_core.package_identification[0m [1;30mLevel 1[0m _identify(src/evoart_description) by extensions ['ros']
[0.213s] [34mcolcon.colcon_core.package_identification[0m [1;30mLevel 1[0m _identify(src/evoart_description) by extension 'ros'
[0.213s] [34mcolcon.colcon_core.package_identification[0m [1;30mDEBUG[0m [32mPackage 'src/evoart_description' with type 'ros.ament_cmake' and name 'evoart_description'[0m
[0.213s] [34mcolcon.colcon_core.package_identification[0m [1;30mLevel 1[0m _identify(src/evoart_interfaces) by extensions ['ignore', 'ignore_ament_install']
[0.213s] [34mcolcon.colcon_core.package_identification[0m [1;30mLevel 1[0m _identify(src/evoart_interfaces) by extension 'ignore'
[0.213s] [34mcolcon.colcon_core.package_identification[0m [1;30mLevel 1[0m _identify(src/evoart_interfaces) by extension 'ignore_ament_install'
[0.213s] [34mcolcon.colcon_core.package_identification[0m [1;30mLevel 1[0m _identify(src/evoart_interfaces) by extensions ['colcon_pkg']
[0.213s] [34mcolcon.colcon_core.package_identification[0m [1;30mLevel 1[0m _identify(src/evoart_interfaces) by extension 'colcon_pkg'
[0.213s] [34mcolcon.colcon_core.package_identification[0m [1;30mLevel 1[0m _identify(src/evoart_interfaces) by extensions ['colcon_meta']
[0.213s] [34mcolcon.colcon_core.package_identification[0m [1;30mLevel 1[0m _identify(src/evoart_interfaces) by extension 'colcon_meta'
[0.213s] [34mcolcon.colcon_core.package_identification[0m [1;30mLevel 1[0m _identify(src/evoart_interfaces) by extensions ['ros']
[0.213s] [34mcolcon.colcon_core.package_identification[0m [1;30mLevel 1[0m _identify(src/evoart_interfaces) by extension 'ros'
[0.214s] [34mcolcon.colcon_core.package_identification[0m [1;30mDEBUG[0m [32mPackage 'src/evoart_interfaces' with type 'ros.ament_cmake' and name 'evoart_interfaces'[0m
[0.214s] [34mcolcon.colcon_core.package_identification[0m [1;30mLevel 1[0m _identify(src/evoart_navigation) by extensions ['ignore', 'ignore_ament_install']
[0.214s] [34mcolcon.colcon_core.package_identification[0m [1;30mLevel 1[0m _identify(src/evoart_navigation) by extension 'ignore'
[0.214s] [34mcolcon.colcon_core.package_identification[0m [1;30mLevel 1[0m _identify(src/evoart_navigation) by extension 'ignore_ament_install'
[0.214s] [34mcolcon.colcon_core.package_identification[0m [1;30mLevel 1[0m _identify(src/evoart_navigation) by extensions ['colcon_pkg']
[0.214s] [34mcolcon.colcon_core.package_identification[0m [1;30mLevel 1[0m _identify(src/evoart_navigation) by extension 'colcon_pkg'
[0.214s] [34mcolcon.colcon_core.package_identification[0m [1;30mLevel 1[0m _identify(src/evoart_navigation) by extensions ['colcon_meta']
[0.214s] [34mcolcon.colcon_core.package_identification[0m [1;30mLevel 1[0m _identify(src/evoart_navigation) by extension 'colcon_meta'
[0.214s] [34mcolcon.colcon_core.package_identification[0m [1;30mLevel 1[0m _identify(src/evoart_navigation) by extensions ['ros']
[0.214s] [34mcolcon.colcon_core.package_identification[0m [1;30mLevel 1[0m _identify(src/evoart_navigation) by extension 'ros'
[0.214s] [34mcolcon.colcon_core.package_identification[0m [1;30mDEBUG[0m [32mPackage 'src/evoart_navigation' with type 'ros.ament_cmake' and name 'evoart_navigation'[0m
[0.214s] [34mcolcon.colcon_core.package_identification[0m [1;30mLevel 1[0m _identify(src/evoart_perception) by extensions ['ignore', 'ignore_ament_install']
[0.214s] [34mcolcon.colcon_core.package_identification[0m [1;30mLevel 1[0m _identify(src/evoart_perception) by extension 'ignore'
[0.214s] [34mcolcon.colcon_core.package_identification[0m [1;30mLevel 1[0m _identify(src/evoart_perception) by extension 'ignore_ament_install'
[0.214s] [34mcolcon.colcon_core.package_identification[0m [1;30mLevel 1[0m _identify(src/evoart_perception) by extensions ['colcon_pkg']
[0.214s] [34mcolcon.colcon_core.package_identification[0m [1;30mLevel 1[0m _identify(src/evoart_perception) by extension 'colcon_pkg'
[0.214s] [34mcolcon.colcon_core.package_identification[0m [1;30mLevel 1[0m _identify(src/evoart_perception) by extensions ['colcon_meta']
[0.214s] [34mcolcon.colcon_core.package_identification[0m [1;30mLevel 1[0m _identify(src/evoart_perception) by extension 'colcon_meta'
[0.214s] [34mcolcon.colcon_core.package_identification[0m [1;30mLevel 1[0m _identify(src/evoart_perception) by extensions ['ros']
[0.214s] [34mcolcon.colcon_core.package_identification[0m [1;30mLevel 1[0m _identify(src/evoart_perception) by extension 'ros'
[0.215s] [34mcolcon.colcon_core.package_identification[0m [1;30mDEBUG[0m [32mPackage 'src/evoart_perception' with type 'ros.ament_cmake' and name 'evoart_perception'[0m
[0.215s] [34mcolcon.colcon_core.package_identification[0m [1;30mLevel 1[0m _identify(src/velodyne) by extensions ['ignore', 'ignore_ament_install']
[0.215s] [34mcolcon.colcon_core.package_identification[0m [1;30mLevel 1[0m _identify(src/velodyne) by extension 'ignore'
[0.215s] [34mcolcon.colcon_core.package_identification[0m [1;30mLevel 1[0m _identify(src/velodyne) by extension 'ignore_ament_install'
[0.215s] [34mcolcon.colcon_core.package_identification[0m [1;30mLevel 1[0m _identify(src/velodyne) by extensions ['colcon_pkg']
[0.215s] [34mcolcon.colcon_core.package_identification[0m [1;30mLevel 1[0m _identify(src/velodyne) by extension 'colcon_pkg'
[0.215s] [34mcolcon.colcon_core.package_identification[0m [1;30mLevel 1[0m _identify(src/velodyne) by extensions ['colcon_meta']
[0.215s] [34mcolcon.colcon_core.package_identification[0m [1;30mLevel 1[0m _identify(src/velodyne) by extension 'colcon_meta'
[0.215s] [34mcolcon.colcon_core.package_identification[0m [1;30mLevel 1[0m _identify(src/velodyne) by extensions ['ros']
[0.215s] [34mcolcon.colcon_core.package_identification[0m [1;30mLevel 1[0m _identify(src/velodyne) by extension 'ros'
[0.215s] [34mcolcon.colcon_core.package_identification[0m [1;30mLevel 1[0m _identify(src/velodyne) by extensions ['cmake', 'python']
[0.215s] [34mcolcon.colcon_core.package_identification[0m [1;30mLevel 1[0m _identify(src/velodyne) by extension 'cmake'
[0.215s] [34mcolcon.colcon_core.package_identification[0m [1;30mLevel 1[0m _identify(src/velodyne) by extension 'python'
[0.215s] [34mcolcon.colcon_core.package_identification[0m [1;30mLevel 1[0m _identify(src/velodyne) by extensions ['python_setup_py']
[0.215s] [34mcolcon.colcon_core.package_identification[0m [1;30mLevel 1[0m _identify(src/velodyne) by extension 'python_setup_py'
[0.215s] [34mcolcon.colcon_core.package_identification[0m [1;30mLevel 1[0m _identify(src/velodyne/velodyne) by extensions ['ignore', 'ignore_ament_install']
[0.215s] [34mcolcon.colcon_core.package_identification[0m [1;30mLevel 1[0m _identify(src/velodyne/velodyne) by extension 'ignore'
[0.215s] [34mcolcon.colcon_core.package_identification[0m [1;30mLevel 1[0m _identify(src/velodyne/velodyne) by extension 'ignore_ament_install'
[0.215s] [34mcolcon.colcon_core.package_identification[0m [1;30mLevel 1[0m _identify(src/velodyne/velodyne) by extensions ['colcon_pkg']
[0.215s] [34mcolcon.colcon_core.package_identification[0m [1;30mLevel 1[0m _identify(src/velodyne/velodyne) by extension 'colcon_pkg'
[0.215s] [34mcolcon.colcon_core.package_identification[0m [1;30mLevel 1[0m _identify(src/velodyne/velodyne) by extensions ['colcon_meta']
[0.215s] [34mcolcon.colcon_core.package_identification[0m [1;30mLevel 1[0m _identify(src/velodyne/velodyne) by extension 'colcon_meta'
[0.215s] [34mcolcon.colcon_core.package_identification[0m [1;30mLevel 1[0m _identify(src/velodyne/velodyne) by extensions ['ros']
[0.215s] [34mcolcon.colcon_core.package_identification[0m [1;30mLevel 1[0m _identify(src/velodyne/velodyne) by extension 'ros'
[0.216s] [34mcolcon.colcon_core.package_identification[0m [1;30mDEBUG[0m [32mPackage 'src/velodyne/velodyne' with type 'ros.ament_cmake' and name 'velodyne'[0m
[0.216s] [34mcolcon.colcon_core.package_identification[0m [1;30mLevel 1[0m _identify(src/velodyne/velodyne_driver) by extensions ['ignore', 'ignore_ament_install']
[0.216s] [34mcolcon.colcon_core.package_identification[0m [1;30mLevel 1[0m _identify(src/velodyne/velodyne_driver) by extension 'ignore'
[0.216s] [34mcolcon.colcon_core.package_identification[0m [1;30mLevel 1[0m _identify(src/velodyne/velodyne_driver) by extension 'ignore_ament_install'
[0.216s] [34mcolcon.colcon_core.package_identification[0m [1;30mLevel 1[0m _identify(src/velodyne/velodyne_driver) by extensions ['colcon_pkg']
[0.216s] [34mcolcon.colcon_core.package_identification[0m [1;30mLevel 1[0m _identify(src/velodyne/velodyne_driver) by extension 'colcon_pkg'
[0.216s] [34mcolcon.colcon_core.package_identification[0m [1;30mLevel 1[0m _identify(src/velodyne/velodyne_driver) by extensions ['colcon_meta']
[0.216s] [34mcolcon.colcon_core.package_identification[0m [1;30mLevel 1[0m _identify(src/velodyne/velodyne_driver) by extension 'colcon_meta'
[0.216s] [34mcolcon.colcon_core.package_identification[0m [1;30mLevel 1[0m _identify(src/velodyne/velodyne_driver) by extensions ['ros']
[0.216s] [34mcolcon.colcon_core.package_identification[0m [1;30mLevel 1[0m _identify(src/velodyne/velodyne_driver) by extension 'ros'
[0.216s] [34mcolcon.colcon_core.package_identification[0m [1;30mDEBUG[0m [32mPackage 'src/velodyne/velodyne_driver' with type 'ros.ament_cmake' and name 'velodyne_driver'[0m
[0.216s] [34mcolcon.colcon_core.package_identification[0m [1;30mLevel 1[0m _identify(src/velodyne/velodyne_laserscan) by extensions ['ignore', 'ignore_ament_install']
[0.216s] [34mcolcon.colcon_core.package_identification[0m [1;30mLevel 1[0m _identify(src/velodyne/velodyne_laserscan) by extension 'ignore'
[0.216s] [34mcolcon.colcon_core.package_identification[0m [1;30mLevel 1[0m _identify(src/velodyne/velodyne_laserscan) by extension 'ignore_ament_install'
[0.216s] [34mcolcon.colcon_core.package_identification[0m [1;30mLevel 1[0m _identify(src/velodyne/velodyne_laserscan) by extensions ['colcon_pkg']
[0.216s] [34mcolcon.colcon_core.package_identification[0m [1;30mLevel 1[0m _identify(src/velodyne/velodyne_laserscan) by extension 'colcon_pkg'
[0.216s] [34mcolcon.colcon_core.package_identification[0m [1;30mLevel 1[0m _identify(src/velodyne/velodyne_laserscan) by extensions ['colcon_meta']
[0.216s] [34mcolcon.colcon_core.package_identification[0m [1;30mLevel 1[0m _identify(src/velodyne/velodyne_laserscan) by extension 'colcon_meta'
[0.216s] [34mcolcon.colcon_core.package_identification[0m [1;30mLevel 1[0m _identify(src/velodyne/velodyne_laserscan) by extensions ['ros']
[0.216s] [34mcolcon.colcon_core.package_identification[0m [1;30mLevel 1[0m _identify(src/velodyne/velodyne_laserscan) by extension 'ros'
[0.217s] [34mcolcon.colcon_core.package_identification[0m [1;30mDEBUG[0m [32mPackage 'src/velodyne/velodyne_laserscan' with type 'ros.ament_cmake' and name 'velodyne_laserscan'[0m
[0.217s] [34mcolcon.colcon_core.package_identification[0m [1;30mLevel 1[0m _identify(src/velodyne/velodyne_msgs) by extensions ['ignore', 'ignore_ament_install']
[0.217s] [34mcolcon.colcon_core.package_identification[0m [1;30mLevel 1[0m _identify(src/velodyne/velodyne_msgs) by extension 'ignore'
[0.217s] [34mcolcon.colcon_core.package_identification[0m [1;30mLevel 1[0m _identify(src/velodyne/velodyne_msgs) by extension 'ignore_ament_install'
[0.217s] [34mcolcon.colcon_core.package_identification[0m [1;30mLevel 1[0m _identify(src/velodyne/velodyne_msgs) by extensions ['colcon_pkg']
[0.217s] [34mcolcon.colcon_core.package_identification[0m [1;30mLevel 1[0m _identify(src/velodyne/velodyne_msgs) by extension 'colcon_pkg'
[0.217s] [34mcolcon.colcon_core.package_identification[0m [1;30mLevel 1[0m _identify(src/velodyne/velodyne_msgs) by extensions ['colcon_meta']
[0.217s] [34mcolcon.colcon_core.package_identification[0m [1;30mLevel 1[0m _identify(src/velodyne/velodyne_msgs) by extension 'colcon_meta'
[0.217s] [34mcolcon.colcon_core.package_identification[0m [1;30mLevel 1[0m _identify(src/velodyne/velodyne_msgs) by extensions ['ros']
[0.217s] [34mcolcon.colcon_core.package_identification[0m [1;30mLevel 1[0m _identify(src/velodyne/velodyne_msgs) by extension 'ros'
[0.217s] [34mcolcon.colcon_core.package_identification[0m [1;30mDEBUG[0m [32mPackage 'src/velodyne/velodyne_msgs' with type 'ros.ament_cmake' and name 'velodyne_msgs'[0m
[0.217s] [34mcolcon.colcon_core.package_identification[0m [1;30mLevel 1[0m _identify(src/velodyne/velodyne_pointcloud) by extensions ['ignore', 'ignore_ament_install']
[0.217s] [34mcolcon.colcon_core.package_identification[0m [1;30mLevel 1[0m _identify(src/velodyne/velodyne_pointcloud) by extension 'ignore'
[0.217s] [34mcolcon.colcon_core.package_identification[0m [1;30mLevel 1[0m _identify(src/velodyne/velodyne_pointcloud) by extension 'ignore_ament_install'
[0.217s] [34mcolcon.colcon_core.package_identification[0m [1;30mLevel 1[0m _identify(src/velodyne/velodyne_pointcloud) by extensions ['colcon_pkg']
[0.217s] [34mcolcon.colcon_core.package_identification[0m [1;30mLevel 1[0m _identify(src/velodyne/velodyne_pointcloud) by extension 'colcon_pkg'
[0.217s] [34mcolcon.colcon_core.package_identification[0m [1;30mLevel 1[0m _identify(src/velodyne/velodyne_pointcloud) by extensions ['colcon_meta']
[0.217s] [34mcolcon.colcon_core.package_identification[0m [1;30mLevel 1[0m _identify(src/velodyne/velodyne_pointcloud) by extension 'colcon_meta'
[0.217s] [34mcolcon.colcon_core.package_identification[0m [1;30mLevel 1[0m _identify(src/velodyne/velodyne_pointcloud) by extensions ['ros']
[0.217s] [34mcolcon.colcon_core.package_identification[0m [1;30mLevel 1[0m _identify(src/velodyne/velodyne_pointcloud) by extension 'ros'
[0.218s] [34mcolcon.colcon_core.package_identification[0m [1;30mDEBUG[0m [32mPackage 'src/velodyne/velodyne_pointcloud' with type 'ros.ament_cmake' and name 'velodyne_pointcloud'[0m
[0.218s] [34mcolcon.colcon_core.package_identification[0m [1;30mLevel 1[0m _identify(src/zed-ros2-wrapper) by extensions ['ignore', 'ignore_ament_install']
[0.218s] [34mcolcon.colcon_core.package_identification[0m [1;30mLevel 1[0m _identify(src/zed-ros2-wrapper) by extension 'ignore'
[0.218s] [34mcolcon.colcon_core.package_identification[0m [1;30mLevel 1[0m _identify(src/zed-ros2-wrapper) by extension 'ignore_ament_install'
[0.218s] [34mcolcon.colcon_core.package_identification[0m [1;30mLevel 1[0m _identify(src/zed-ros2-wrapper) by extensions ['colcon_pkg']
[0.218s] [34mcolcon.colcon_core.package_identification[0m [1;30mLevel 1[0m _identify(src/zed-ros2-wrapper) by extension 'colcon_pkg'
[0.218s] [34mcolcon.colcon_core.package_identification[0m [1;30mLevel 1[0m _identify(src/zed-ros2-wrapper) by extensions ['colcon_meta']
[0.218s] [34mcolcon.colcon_core.package_identification[0m [1;30mLevel 1[0m _identify(src/zed-ros2-wrapper) by extension 'colcon_meta'
[0.218s] [34mcolcon.colcon_core.package_identification[0m [1;30mLevel 1[0m _identify(src/zed-ros2-wrapper) by extensions ['ros']
[0.218s] [34mcolcon.colcon_core.package_identification[0m [1;30mLevel 1[0m _identify(src/zed-ros2-wrapper) by extension 'ros'
[0.218s] [34mcolcon.colcon_core.package_identification[0m [1;30mLevel 1[0m _identify(src/zed-ros2-wrapper) by extensions ['cmake', 'python']
[0.218s] [34mcolcon.colcon_core.package_identification[0m [1;30mLevel 1[0m _identify(src/zed-ros2-wrapper) by extension 'cmake'
[0.218s] [34mcolcon.colcon_core.package_identification[0m [1;30mLevel 1[0m _identify(src/zed-ros2-wrapper) by extension 'python'
[0.219s] [34mcolcon.colcon_core.package_identification[0m [1;30mLevel 1[0m _identify(src/zed-ros2-wrapper) by extensions ['python_setup_py']
[0.219s] [34mcolcon.colcon_core.package_identification[0m [1;30mLevel 1[0m _identify(src/zed-ros2-wrapper) by extension 'python_setup_py'
[0.219s] [34mcolcon.colcon_core.package_identification[0m [1;30mLevel 1[0m _identify(src/zed-ros2-wrapper/docker) by extensions ['ignore', 'ignore_ament_install']
[0.219s] [34mcolcon.colcon_core.package_identification[0m [1;30mLevel 1[0m _identify(src/zed-ros2-wrapper/docker) by extension 'ignore'
[0.219s] [34mcolcon.colcon_core.package_identification[0m [1;30mLevel 1[0m _identify(src/zed-ros2-wrapper/docker) by extension 'ignore_ament_install'
[0.219s] [34mcolcon.colcon_core.package_identification[0m [1;30mLevel 1[0m _identify(src/zed-ros2-wrapper/docker) by extensions ['colcon_pkg']
[0.219s] [34mcolcon.colcon_core.package_identification[0m [1;30mLevel 1[0m _identify(src/zed-ros2-wrapper/docker) by extension 'colcon_pkg'
[0.219s] [34mcolcon.colcon_core.package_identification[0m [1;30mLevel 1[0m _identify(src/zed-ros2-wrapper/docker) by extensions ['colcon_meta']
[0.219s] [34mcolcon.colcon_core.package_identification[0m [1;30mLevel 1[0m _identify(src/zed-ros2-wrapper/docker) by extension 'colcon_meta'
[0.219s] [34mcolcon.colcon_core.package_identification[0m [1;30mLevel 1[0m _identify(src/zed-ros2-wrapper/docker) by extensions ['ros']
[0.219s] [34mcolcon.colcon_core.package_identification[0m [1;30mLevel 1[0m _identify(src/zed-ros2-wrapper/docker) by extension 'ros'
[0.219s] [34mcolcon.colcon_core.package_identification[0m [1;30mLevel 1[0m _identify(src/zed-ros2-wrapper/docker) by extensions ['cmake', 'python']
[0.219s] [34mcolcon.colcon_core.package_identification[0m [1;30mLevel 1[0m _identify(src/zed-ros2-wrapper/docker) by extension 'cmake'
[0.219s] [34mcolcon.colcon_core.package_identification[0m [1;30mLevel 1[0m _identify(src/zed-ros2-wrapper/docker) by extension 'python'
[0.219s] [34mcolcon.colcon_core.package_identification[0m [1;30mLevel 1[0m _identify(src/zed-ros2-wrapper/docker) by extensions ['python_setup_py']
[0.219s] [34mcolcon.colcon_core.package_identification[0m [1;30mLevel 1[0m _identify(src/zed-ros2-wrapper/docker) by extension 'python_setup_py'
[0.219s] [34mcolcon.colcon_core.package_identification[0m [1;30mLevel 1[0m _identify(src/zed-ros2-wrapper/images) by extensions ['ignore', 'ignore_ament_install']
[0.219s] [34mcolcon.colcon_core.package_identification[0m [1;30mLevel 1[0m _identify(src/zed-ros2-wrapper/images) by extension 'ignore'
[0.219s] [34mcolcon.colcon_core.package_identification[0m [1;30mLevel 1[0m _identify(src/zed-ros2-wrapper/images) by extension 'ignore_ament_install'
[0.219s] [34mcolcon.colcon_core.package_identification[0m [1;30mLevel 1[0m _identify(src/zed-ros2-wrapper/images) by extensions ['colcon_pkg']
[0.219s] [34mcolcon.colcon_core.package_identification[0m [1;30mLevel 1[0m _identify(src/zed-ros2-wrapper/images) by extension 'colcon_pkg'
[0.219s] [34mcolcon.colcon_core.package_identification[0m [1;30mLevel 1[0m _identify(src/zed-ros2-wrapper/images) by extensions ['colcon_meta']
[0.219s] [34mcolcon.colcon_core.package_identification[0m [1;30mLevel 1[0m _identify(src/zed-ros2-wrapper/images) by extension 'colcon_meta'
[0.219s] [34mcolcon.colcon_core.package_identification[0m [1;30mLevel 1[0m _identify(src/zed-ros2-wrapper/images) by extensions ['ros']
[0.219s] [34mcolcon.colcon_core.package_identification[0m [1;30mLevel 1[0m _identify(src/zed-ros2-wrapper/images) by extension 'ros'
[0.219s] [34mcolcon.colcon_core.package_identification[0m [1;30mLevel 1[0m _identify(src/zed-ros2-wrapper/images) by extensions ['cmake', 'python']
[0.219s] [34mcolcon.colcon_core.package_identification[0m [1;30mLevel 1[0m _identify(src/zed-ros2-wrapper/images) by extension 'cmake'
[0.219s] [34mcolcon.colcon_core.package_identification[0m [1;30mLevel 1[0m _identify(src/zed-ros2-wrapper/images) by extension 'python'
[0.219s] [34mcolcon.colcon_core.package_identification[0m [1;30mLevel 1[0m _identify(src/zed-ros2-wrapper/images) by extensions ['python_setup_py']
[0.219s] [34mcolcon.colcon_core.package_identification[0m [1;30mLevel 1[0m _identify(src/zed-ros2-wrapper/images) by extension 'python_setup_py'
[0.219s] [34mcolcon.colcon_core.package_identification[0m [1;30mLevel 1[0m _identify(src/zed-ros2-wrapper/zed_components) by extensions ['ignore', 'ignore_ament_install']
[0.219s] [34mcolcon.colcon_core.package_identification[0m [1;30mLevel 1[0m _identify(src/zed-ros2-wrapper/zed_components) by extension 'ignore'
[0.219s] [34mcolcon.colcon_core.package_identification[0m [1;30mLevel 1[0m _identify(src/zed-ros2-wrapper/zed_components) by extension 'ignore_ament_install'
[0.219s] [34mcolcon.colcon_core.package_identification[0m [1;30mLevel 1[0m _identify(src/zed-ros2-wrapper/zed_components) by extensions ['colcon_pkg']
[0.219s] [34mcolcon.colcon_core.package_identification[0m [1;30mLevel 1[0m _identify(src/zed-ros2-wrapper/zed_components) by extension 'colcon_pkg'
[0.219s] [34mcolcon.colcon_core.package_identification[0m [1;30mLevel 1[0m _identify(src/zed-ros2-wrapper/zed_components) by extensions ['colcon_meta']
[0.219s] [34mcolcon.colcon_core.package_identification[0m [1;30mLevel 1[0m _identify(src/zed-ros2-wrapper/zed_components) by extension 'colcon_meta'
[0.219s] [34mcolcon.colcon_core.package_identification[0m [1;30mLevel 1[0m _identify(src/zed-ros2-wrapper/zed_components) by extensions ['ros']
[0.219s] [34mcolcon.colcon_core.package_identification[0m [1;30mLevel 1[0m _identify(src/zed-ros2-wrapper/zed_components) by extension 'ros'
[0.221s] [34mcolcon.colcon_core.package_identification[0m [1;30mDEBUG[0m [32mPackage 'src/zed-ros2-wrapper/zed_components' with type 'ros.ament_cmake' and name 'zed_components'[0m
[0.221s] [34mcolcon.colcon_core.package_identification[0m [1;30mLevel 1[0m _identify(src/zed-ros2-wrapper/zed_debug) by extensions ['ignore', 'ignore_ament_install']
[0.221s] [34mcolcon.colcon_core.package_identification[0m [1;30mLevel 1[0m _identify(src/zed-ros2-wrapper/zed_debug) by extension 'ignore'
[0.221s] [34mcolcon.colcon_core.package_identification[0m [1;30mLevel 1[0m _identify(src/zed-ros2-wrapper/zed_debug) by extension 'ignore_ament_install'
[0.221s] [34mcolcon.colcon_core.package_identification[0m [1;30mLevel 1[0m _identify(src/zed-ros2-wrapper/zed_debug) by extensions ['colcon_pkg']
[0.221s] [34mcolcon.colcon_core.package_identification[0m [1;30mLevel 1[0m _identify(src/zed-ros2-wrapper/zed_debug) by extension 'colcon_pkg'
[0.221s] [34mcolcon.colcon_core.package_identification[0m [1;30mLevel 1[0m _identify(src/zed-ros2-wrapper/zed_debug) by extensions ['colcon_meta']
[0.221s] [34mcolcon.colcon_core.package_identification[0m [1;30mLevel 1[0m _identify(src/zed-ros2-wrapper/zed_debug) by extension 'colcon_meta'
[0.221s] [34mcolcon.colcon_core.package_identification[0m [1;30mLevel 1[0m _identify(src/zed-ros2-wrapper/zed_debug) by extensions ['ros']
[0.221s] [34mcolcon.colcon_core.package_identification[0m [1;30mLevel 1[0m _identify(src/zed-ros2-wrapper/zed_debug) by extension 'ros'
[0.222s] [34mcolcon.colcon_core.package_identification[0m [1;30mDEBUG[0m [32mPackage 'src/zed-ros2-wrapper/zed_debug' with type 'ros.ament_cmake' and name 'zed_debug'[0m
[0.222s] [34mcolcon.colcon_core.package_identification[0m [1;30mLevel 1[0m _identify(src/zed-ros2-wrapper/zed_ros2) by extensions ['ignore', 'ignore_ament_install']
[0.222s] [34mcolcon.colcon_core.package_identification[0m [1;30mLevel 1[0m _identify(src/zed-ros2-wrapper/zed_ros2) by extension 'ignore'
[0.222s] [34mcolcon.colcon_core.package_identification[0m [1;30mLevel 1[0m _identify(src/zed-ros2-wrapper/zed_ros2) by extension 'ignore_ament_install'
[0.222s] [34mcolcon.colcon_core.package_identification[0m [1;30mLevel 1[0m _identify(src/zed-ros2-wrapper/zed_ros2) by extensions ['colcon_pkg']
[0.222s] [34mcolcon.colcon_core.package_identification[0m [1;30mLevel 1[0m _identify(src/zed-ros2-wrapper/zed_ros2) by extension 'colcon_pkg'
[0.222s] [34mcolcon.colcon_core.package_identification[0m [1;30mLevel 1[0m _identify(src/zed-ros2-wrapper/zed_ros2) by extensions ['colcon_meta']
[0.222s] [34mcolcon.colcon_core.package_identification[0m [1;30mLevel 1[0m _identify(src/zed-ros2-wrapper/zed_ros2) by extension 'colcon_meta'
[0.222s] [34mcolcon.colcon_core.package_identification[0m [1;30mLevel 1[0m _identify(src/zed-ros2-wrapper/zed_ros2) by extensions ['ros']
[0.222s] [34mcolcon.colcon_core.package_identification[0m [1;30mLevel 1[0m _identify(src/zed-ros2-wrapper/zed_ros2) by extension 'ros'
[0.223s] [34mcolcon.colcon_core.package_identification[0m [1;30mDEBUG[0m [32mPackage 'src/zed-ros2-wrapper/zed_ros2' with type 'ros.ament_cmake' and name 'zed_ros2'[0m
[0.223s] [34mcolcon.colcon_core.package_identification[0m [1;30mLevel 1[0m _identify(src/zed-ros2-wrapper/zed_wrapper) by extensions ['ignore', 'ignore_ament_install']
[0.223s] [34mcolcon.colcon_core.package_identification[0m [1;30mLevel 1[0m _identify(src/zed-ros2-wrapper/zed_wrapper) by extension 'ignore'
[0.223s] [34mcolcon.colcon_core.package_identification[0m [1;30mLevel 1[0m _identify(src/zed-ros2-wrapper/zed_wrapper) by extension 'ignore_ament_install'
[0.223s] [34mcolcon.colcon_core.package_identification[0m [1;30mLevel 1[0m _identify(src/zed-ros2-wrapper/zed_wrapper) by extensions ['colcon_pkg']
[0.223s] [34mcolcon.colcon_core.package_identification[0m [1;30mLevel 1[0m _identify(src/zed-ros2-wrapper/zed_wrapper) by extension 'colcon_pkg'
[0.223s] [34mcolcon.colcon_core.package_identification[0m [1;30mLevel 1[0m _identify(src/zed-ros2-wrapper/zed_wrapper) by extensions ['colcon_meta']
[0.223s] [34mcolcon.colcon_core.package_identification[0m [1;30mLevel 1[0m _identify(src/zed-ros2-wrapper/zed_wrapper) by extension 'colcon_meta'
[0.223s] [34mcolcon.colcon_core.package_identification[0m [1;30mLevel 1[0m _identify(src/zed-ros2-wrapper/zed_wrapper) by extensions ['ros']
[0.223s] [34mcolcon.colcon_core.package_identification[0m [1;30mLevel 1[0m _identify(src/zed-ros2-wrapper/zed_wrapper) by extension 'ros'
[0.223s] [34mcolcon.colcon_core.package_identification[0m [1;30mDEBUG[0m [32mPackage 'src/zed-ros2-wrapper/zed_wrapper' with type 'ros.ament_cmake' and name 'zed_wrapper'[0m
[0.224s] [34mcolcon.colcon_core.package_discovery[0m [1;30mLevel 1[0m discover_packages(recursive) using defaults
[0.224s] [34mcolcon.colcon_core.package_discovery[0m [1;30mLevel 1[0m discover_packages(ignore) discover
[0.224s] [34mcolcon.colcon_core.package_discovery[0m [1;30mLevel 1[0m discover_packages(ignore) using defaults
[0.224s] [34mcolcon.colcon_core.package_discovery[0m [1;30mLevel 1[0m discover_packages(path) discover
[0.224s] [34mcolcon.colcon_core.package_discovery[0m [1;30mLevel 1[0m discover_packages(path) using defaults
[0.234s] [34mcolcon.colcon_core.package_discovery[0m [1;30mLevel 1[0m discover_packages(prefix_path) check parameters
[0.234s] [34mcolcon.colcon_core.package_discovery[0m [1;30mLevel 1[0m discover_packages(prefix_path) discover
[0.235s] [34mcolcon.colcon_installed_package_information.package_discovery[0m [1;30mDEBUG[0m [32mFound 2 installed packages in /home/mustafa/evoart_ws/install[0m
[0.236s] [34mcolcon.colcon_installed_package_information.package_discovery[0m [1;30mDEBUG[0m [32mFound 486 installed packages in /opt/ros/humble[0m
[0.238s] [34mcolcon.colcon_core.package_discovery[0m [1;30mLevel 1[0m discover_packages(prefix_path) using defaults
[0.271s] [34mcolcon.colcon_core.verb[0m [1;30mLevel 5[0m set package 'evoart_description' build argument 'cmake_args' from command line to 'None'
[0.271s] [34mcolcon.colcon_core.verb[0m [1;30mLevel 5[0m set package 'evoart_description' build argument 'cmake_target' from command line to 'None'
[0.271s] [34mcolcon.colcon_core.verb[0m [1;30mLevel 5[0m set package 'evoart_description' build argument 'cmake_target_skip_unavailable' from command line to 'False'
[0.271s] [34mcolcon.colcon_core.verb[0m [1;30mLevel 5[0m set package 'evoart_description' build argument 'cmake_clean_cache' from command line to 'False'
[0.271s] [34mcolcon.colcon_core.verb[0m [1;30mLevel 5[0m set package 'evoart_description' build argument 'cmake_clean_first' from command line to 'False'
[0.271s] [34mcolcon.colcon_core.verb[0m [1;30mLevel 5[0m set package 'evoart_description' build argument 'cmake_force_configure' from command line to 'False'
[0.271s] [34mcolcon.colcon_core.verb[0m [1;30mLevel 5[0m set package 'evoart_description' build argument 'ament_cmake_args' from command line to 'None'
[0.271s] [34mcolcon.colcon_core.verb[0m [1;30mLevel 5[0m set package 'evoart_description' build argument 'catkin_cmake_args' from command line to 'None'
[0.271s] [34mcolcon.colcon_core.verb[0m [1;30mLevel 5[0m set package 'evoart_description' build argument 'catkin_skip_building_tests' from command line to 'False'
[0.271s] [34mcolcon.colcon_core.verb[0m [1;30mDEBUG[0m [32mBuilding package 'evoart_description' with the following arguments: {'ament_cmake_args': None, 'build_base': '/home/mustafa/evoart_ws/build/evoart_description', 'catkin_cmake_args': None, 'catkin_skip_building_tests': False, 'cmake_args': None, 'cmake_clean_cache': False, 'cmake_clean_first': False, 'cmake_force_configure': False, 'cmake_target': None, 'cmake_target_skip_unavailable': False, 'install_base': '/home/mustafa/evoart_ws/install/evoart_description', 'merge_install': False, 'path': '/home/mustafa/evoart_ws/src/evoart_description', 'symlink_install': False, 'test_result_base': None}[0m
[0.271s] [34mcolcon.colcon_core.verb[0m [1;30mLevel 5[0m set package 'evoart_interfaces' build argument 'cmake_args' from command line to 'None'
[0.271s] [34mcolcon.colcon_core.verb[0m [1;30mLevel 5[0m set package 'evoart_interfaces' build argument 'cmake_target' from command line to 'None'
[0.271s] [34mcolcon.colcon_core.verb[0m [1;30mLevel 5[0m set package 'evoart_interfaces' build argument 'cmake_target_skip_unavailable' from command line to 'False'
[0.271s] [34mcolcon.colcon_core.verb[0m [1;30mLevel 5[0m set package 'evoart_interfaces' build argument 'cmake_clean_cache' from command line to 'False'
[0.271s] [34mcolcon.colcon_core.verb[0m [1;30mLevel 5[0m set package 'evoart_interfaces' build argument 'cmake_clean_first' from command line to 'False'
[0.271s] [34mcolcon.colcon_core.verb[0m [1;30mLevel 5[0m set package 'evoart_interfaces' build argument 'cmake_force_configure' from command line to 'False'
[0.271s] [34mcolcon.colcon_core.verb[0m [1;30mLevel 5[0m set package 'evoart_interfaces' build argument 'ament_cmake_args' from command line to 'None'
[0.271s] [34mcolcon.colcon_core.verb[0m [1;30mLevel 5[0m set package 'evoart_interfaces' build argument 'catkin_cmake_args' from command line to 'None'
[0.272s] [34mcolcon.colcon_core.verb[0m [1;30mLevel 5[0m set package 'evoart_interfaces' build argument 'catkin_skip_building_tests' from command line to 'False'
[0.272s] [34mcolcon.colcon_core.verb[0m [1;30mDEBUG[0m [32mBuilding package 'evoart_interfaces' with the following arguments: {'ament_cmake_args': None, 'build_base': '/home/mustafa/evoart_ws/build/evoart_interfaces', 'catkin_cmake_args': None, 'catkin_skip_building_tests': False, 'cmake_args': None, 'cmake_clean_cache': False, 'cmake_clean_first': False, 'cmake_force_configure': False, 'cmake_target': None, 'cmake_target_skip_unavailable': False, 'install_base': '/home/mustafa/evoart_ws/install/evoart_interfaces', 'merge_install': False, 'path': '/home/mustafa/evoart_ws/src/evoart_interfaces', 'symlink_install': False, 'test_result_base': None}[0m
[0.272s] [34mcolcon.colcon_core.verb[0m [1;30mLevel 5[0m set package 'evoart_navigation' build argument 'cmake_args' from command line to 'None'
[0.272s] [34mcolcon.colcon_core.verb[0m [1;30mLevel 5[0m set package 'evoart_navigation' build argument 'cmake_target' from command line to 'None'
[0.272s] [34mcolcon.colcon_core.verb[0m [1;30mLevel 5[0m set package 'evoart_navigation' build argument 'cmake_target_skip_unavailable' from command line to 'False'
[0.272s] [34mcolcon.colcon_core.verb[0m [1;30mLevel 5[0m set package 'evoart_navigation' build argument 'cmake_clean_cache' from command line to 'False'
[0.272s] [34mcolcon.colcon_core.verb[0m [1;30mLevel 5[0m set package 'evoart_navigation' build argument 'cmake_clean_first' from command line to 'False'
[0.272s] [34mcolcon.colcon_core.verb[0m [1;30mLevel 5[0m set package 'evoart_navigation' build argument 'cmake_force_configure' from command line to 'False'
[0.272s] [34mcolcon.colcon_core.verb[0m [1;30mLevel 5[0m set package 'evoart_navigation' build argument 'ament_cmake_args' from command line to 'None'
[0.272s] [34mcolcon.colcon_core.verb[0m [1;30mLevel 5[0m set package 'evoart_navigation' build argument 'catkin_cmake_args' from command line to 'None'
[0.272s] [34mcolcon.colcon_core.verb[0m [1;30mLevel 5[0m set package 'evoart_navigation' build argument 'catkin_skip_building_tests' from command line to 'False'
[0.272s] [34mcolcon.colcon_core.verb[0m [1;30mDEBUG[0m [32mBuilding package 'evoart_navigation' with the following arguments: {'ament_cmake_args': None, 'build_base': '/home/mustafa/evoart_ws/build/evoart_navigation', 'catkin_cmake_args': None, 'catkin_skip_building_tests': False, 'cmake_args': None, 'cmake_clean_cache': False, 'cmake_clean_first': False, 'cmake_force_configure': False, 'cmake_target': None, 'cmake_target_skip_unavailable': False, 'install_base': '/home/mustafa/evoart_ws/install/evoart_navigation', 'merge_install': False, 'path': '/home/mustafa/evoart_ws/src/evoart_navigation', 'symlink_install': False, 'test_result_base': None}[0m
[0.272s] [34mcolcon.colcon_core.verb[0m [1;30mLevel 5[0m set package 'velodyne_laserscan' build argument 'cmake_args' from command line to 'None'
[0.272s] [34mcolcon.colcon_core.verb[0m [1;30mLevel 5[0m set package 'velodyne_laserscan' build argument 'cmake_target' from command line to 'None'
[0.272s] [34mcolcon.colcon_core.verb[0m [1;30mLevel 5[0m set package 'velodyne_laserscan' build argument 'cmake_target_skip_unavailable' from command line to 'False'
[0.272s] [34mcolcon.colcon_core.verb[0m [1;30mLevel 5[0m set package 'velodyne_laserscan' build argument 'cmake_clean_cache' from command line to 'False'
[0.272s] [34mcolcon.colcon_core.verb[0m [1;30mLevel 5[0m set package 'velodyne_laserscan' build argument 'cmake_clean_first' from command line to 'False'
[0.272s] [34mcolcon.colcon_core.verb[0m [1;30mLevel 5[0m set package 'velodyne_laserscan' build argument 'cmake_force_configure' from command line to 'False'
[0.272s] [34mcolcon.colcon_core.verb[0m [1;30mLevel 5[0m set package 'velodyne_laserscan' build argument 'ament_cmake_args' from command line to 'None'
[0.272s] [34mcolcon.colcon_core.verb[0m [1;30mLevel 5[0m set package 'velodyne_laserscan' build argument 'catkin_cmake_args' from command line to 'None'
[0.272s] [34mcolcon.colcon_core.verb[0m [1;30mLevel 5[0m set package 'velodyne_laserscan' build argument 'catkin_skip_building_tests' from command line to 'False'
[0.272s] [34mcolcon.colcon_core.verb[0m [1;30mDEBUG[0m [32mBuilding package 'velodyne_laserscan' with the following arguments: {'ament_cmake_args': None, 'build_base': '/home/mustafa/evoart_ws/build/velodyne_laserscan', 'catkin_cmake_args': None, 'catkin_skip_building_tests': False, 'cmake_args': None, 'cmake_clean_cache': False, 'cmake_clean_first': False, 'cmake_force_configure': False, 'cmake_target': None, 'cmake_target_skip_unavailable': False, 'install_base': '/home/mustafa/evoart_ws/install/velodyne_laserscan', 'merge_install': False, 'path': '/home/mustafa/evoart_ws/src/velodyne/velodyne_laserscan', 'symlink_install': False, 'test_result_base': None}[0m
[0.272s] [34mcolcon.colcon_core.verb[0m [1;30mLevel 5[0m set package 'velodyne_msgs' build argument 'cmake_args' from command line to 'None'
[0.272s] [34mcolcon.colcon_core.verb[0m [1;30mLevel 5[0m set package 'velodyne_msgs' build argument 'cmake_target' from command line to 'None'
[0.272s] [34mcolcon.colcon_core.verb[0m [1;30mLevel 5[0m set package 'velodyne_msgs' build argument 'cmake_target_skip_unavailable' from command line to 'False'
[0.272s] [34mcolcon.colcon_core.verb[0m [1;30mLevel 5[0m set package 'velodyne_msgs' build argument 'cmake_clean_cache' from command line to 'False'
[0.272s] [34mcolcon.colcon_core.verb[0m [1;30mLevel 5[0m set package 'velodyne_msgs' build argument 'cmake_clean_first' from command line to 'False'
[0.272s] [34mcolcon.colcon_core.verb[0m [1;30mLevel 5[0m set package 'velodyne_msgs' build argument 'cmake_force_configure' from command line to 'False'
[0.272s] [34mcolcon.colcon_core.verb[0m [1;30mLevel 5[0m set package 'velodyne_msgs' build argument 'ament_cmake_args' from command line to 'None'
[0.272s] [34mcolcon.colcon_core.verb[0m [1;30mLevel 5[0m set package 'velodyne_msgs' build argument 'catkin_cmake_args' from command line to 'None'
[0.272s] [34mcolcon.colcon_core.verb[0m [1;30mLevel 5[0m set package 'velodyne_msgs' build argument 'catkin_skip_building_tests' from command line to 'False'
[0.272s] [34mcolcon.colcon_core.verb[0m [1;30mDEBUG[0m [32mBuilding package 'velodyne_msgs' with the following arguments: {'ament_cmake_args': None, 'build_base': '/home/mustafa/evoart_ws/build/velodyne_msgs', 'catkin_cmake_args': None, 'catkin_skip_building_tests': False, 'cmake_args': None, 'cmake_clean_cache': False, 'cmake_clean_first': False, 'cmake_force_configure': False, 'cmake_target': None, 'cmake_target_skip_unavailable': False, 'install_base': '/home/mustafa/evoart_ws/install/velodyne_msgs', 'merge_install': False, 'path': '/home/mustafa/evoart_ws/src/velodyne/velodyne_msgs', 'symlink_install': False, 'test_result_base': None}[0m
[0.272s] [34mcolcon.colcon_core.verb[0m [1;30mLevel 5[0m set package 'zed_components' build argument 'cmake_args' from command line to 'None'
[0.272s] [34mcolcon.colcon_core.verb[0m [1;30mLevel 5[0m set package 'zed_components' build argument 'cmake_target' from command line to 'None'
[0.272s] [34mcolcon.colcon_core.verb[0m [1;30mLevel 5[0m set package 'zed_components' build argument 'cmake_target_skip_unavailable' from command line to 'False'
[0.272s] [34mcolcon.colcon_core.verb[0m [1;30mLevel 5[0m set package 'zed_components' build argument 'cmake_clean_cache' from command line to 'False'
[0.272s] [34mcolcon.colcon_core.verb[0m [1;30mLevel 5[0m set package 'zed_components' build argument 'cmake_clean_first' from command line to 'False'
[0.273s] [34mcolcon.colcon_core.verb[0m [1;30mLevel 5[0m set package 'zed_components' build argument 'cmake_force_configure' from command line to 'False'
[0.273s] [34mcolcon.colcon_core.verb[0m [1;30mLevel 5[0m set package 'zed_components' build argument 'ament_cmake_args' from command line to 'None'
[0.273s] [34mcolcon.colcon_core.verb[0m [1;30mLevel 5[0m set package 'zed_components' build argument 'catkin_cmake_args' from command line to 'None'
[0.273s] [34mcolcon.colcon_core.verb[0m [1;30mLevel 5[0m set package 'zed_components' build argument 'catkin_skip_building_tests' from command line to 'False'
[0.273s] [34mcolcon.colcon_core.verb[0m [1;30mDEBUG[0m [32mBuilding package 'zed_components' with the following arguments: {'ament_cmake_args': None, 'build_base': '/home/mustafa/evoart_ws/build/zed_components', 'catkin_cmake_args': None, 'catkin_skip_building_tests': False, 'cmake_args': None, 'cmake_clean_cache': False, 'cmake_clean_first': False, 'cmake_force_configure': False, 'cmake_target': None, 'cmake_target_skip_unavailable': False, 'install_base': '/home/mustafa/evoart_ws/install/zed_components', 'merge_install': False, 'path': '/home/mustafa/evoart_ws/src/zed-ros2-wrapper/zed_components', 'symlink_install': False, 'test_result_base': None}[0m
[0.273s] [34mcolcon.colcon_core.verb[0m [1;30mLevel 5[0m set package 'evoart_behavior' build argument 'cmake_args' from command line to 'None'
[0.273s] [34mcolcon.colcon_core.verb[0m [1;30mLevel 5[0m set package 'evoart_behavior' build argument 'cmake_target' from command line to 'None'
[0.273s] [34mcolcon.colcon_core.verb[0m [1;30mLevel 5[0m set package 'evoart_behavior' build argument 'cmake_target_skip_unavailable' from command line to 'False'
[0.273s] [34mcolcon.colcon_core.verb[0m [1;30mLevel 5[0m set package 'evoart_behavior' build argument 'cmake_clean_cache' from command line to 'False'
[0.273s] [34mcolcon.colcon_core.verb[0m [1;30mLevel 5[0m set package 'evoart_behavior' build argument 'cmake_clean_first' from command line to 'False'
[0.273s] [34mcolcon.colcon_core.verb[0m [1;30mLevel 5[0m set package 'evoart_behavior' build argument 'cmake_force_configure' from command line to 'False'
[0.273s] [34mcolcon.colcon_core.verb[0m [1;30mLevel 5[0m set package 'evoart_behavior' build argument 'ament_cmake_args' from command line to 'None'
[0.273s] [34mcolcon.colcon_core.verb[0m [1;30mLevel 5[0m set package 'evoart_behavior' build argument 'catkin_cmake_args' from command line to 'None'
[0.273s] [34mcolcon.colcon_core.verb[0m [1;30mLevel 5[0m set package 'evoart_behavior' build argument 'catkin_skip_building_tests' from command line to 'False'
[0.273s] [34mcolcon.colcon_core.verb[0m [1;30mDEBUG[0m [32mBuilding package 'evoart_behavior' with the following arguments: {'ament_cmake_args': None, 'build_base': '/home/mustafa/evoart_ws/build/evoart_behavior', 'catkin_cmake_args': None, 'catkin_skip_building_tests': False, 'cmake_args': None, 'cmake_clean_cache': False, 'cmake_clean_first': False, 'cmake_force_configure': False, 'cmake_target': None, 'cmake_target_skip_unavailable': False, 'install_base': '/home/mustafa/evoart_ws/install/evoart_behavior', 'merge_install': False, 'path': '/home/mustafa/evoart_ws/src/evoart_behavior', 'symlink_install': False, 'test_result_base': None}[0m
[0.273s] [34mcolcon.colcon_core.verb[0m [1;30mLevel 5[0m set package 'evoart_control' build argument 'cmake_args' from command line to 'None'
[0.273s] [34mcolcon.colcon_core.verb[0m [1;30mLevel 5[0m set package 'evoart_control' build argument 'cmake_target' from command line to 'None'
[0.273s] [34mcolcon.colcon_core.verb[0m [1;30mLevel 5[0m set package 'evoart_control' build argument 'cmake_target_skip_unavailable' from command line to 'False'
[0.273s] [34mcolcon.colcon_core.verb[0m [1;30mLevel 5[0m set package 'evoart_control' build argument 'cmake_clean_cache' from command line to 'False'
[0.273s] [34mcolcon.colcon_core.verb[0m [1;30mLevel 5[0m set package 'evoart_control' build argument 'cmake_clean_first' from command line to 'False'
[0.273s] [34mcolcon.colcon_core.verb[0m [1;30mLevel 5[0m set package 'evoart_control' build argument 'cmake_force_configure' from command line to 'False'
[0.273s] [34mcolcon.colcon_core.verb[0m [1;30mLevel 5[0m set package 'evoart_control' build argument 'ament_cmake_args' from command line to 'None'
[0.273s] [34mcolcon.colcon_core.verb[0m [1;30mLevel 5[0m set package 'evoart_control' build argument 'catkin_cmake_args' from command line to 'None'
[0.273s] [34mcolcon.colcon_core.verb[0m [1;30mLevel 5[0m set package 'evoart_control' build argument 'catkin_skip_building_tests' from command line to 'False'
[0.273s] [34mcolcon.colcon_core.verb[0m [1;30mDEBUG[0m [32mBuilding package 'evoart_control' with the following arguments: {'ament_cmake_args': None, 'build_base': '/home/mustafa/evoart_ws/build/evoart_control', 'catkin_cmake_args': None, 'catkin_skip_building_tests': False, 'cmake_args': None, 'cmake_clean_cache': False, 'cmake_clean_first': False, 'cmake_force_configure': False, 'cmake_target': None, 'cmake_target_skip_unavailable': False, 'install_base': '/home/mustafa/evoart_ws/install/evoart_control', 'merge_install': False, 'path': '/home/mustafa/evoart_ws/src/evoart_control', 'symlink_install': False, 'test_result_base': None}[0m
[0.273s] [34mcolcon.colcon_core.verb[0m [1;30mLevel 5[0m set package 'evoart_perception' build argument 'cmake_args' from command line to 'None'
[0.273s] [34mcolcon.colcon_core.verb[0m [1;30mLevel 5[0m set package 'evoart_perception' build argument 'cmake_target' from command line to 'None'
[0.273s] [34mcolcon.colcon_core.verb[0m [1;30mLevel 5[0m set package 'evoart_perception' build argument 'cmake_target_skip_unavailable' from command line to 'False'
[0.273s] [34mcolcon.colcon_core.verb[0m [1;30mLevel 5[0m set package 'evoart_perception' build argument 'cmake_clean_cache' from command line to 'False'
[0.273s] [34mcolcon.colcon_core.verb[0m [1;30mLevel 5[0m set package 'evoart_perception' build argument 'cmake_clean_first' from command line to 'False'
[0.273s] [34mcolcon.colcon_core.verb[0m [1;30mLevel 5[0m set package 'evoart_perception' build argument 'cmake_force_configure' from command line to 'False'
[0.273s] [34mcolcon.colcon_core.verb[0m [1;30mLevel 5[0m set package 'evoart_perception' build argument 'ament_cmake_args' from command line to 'None'
[0.273s] [34mcolcon.colcon_core.verb[0m [1;30mLevel 5[0m set package 'evoart_perception' build argument 'catkin_cmake_args' from command line to 'None'
[0.273s] [34mcolcon.colcon_core.verb[0m [1;30mLevel 5[0m set package 'evoart_perception' build argument 'catkin_skip_building_tests' from command line to 'False'
[0.273s] [34mcolcon.colcon_core.verb[0m [1;30mDEBUG[0m [32mBuilding package 'evoart_perception' with the following arguments: {'ament_cmake_args': None, 'build_base': '/home/mustafa/evoart_ws/build/evoart_perception', 'catkin_cmake_args': None, 'catkin_skip_building_tests': False, 'cmake_args': None, 'cmake_clean_cache': False, 'cmake_clean_first': False, 'cmake_force_configure': False, 'cmake_target': None, 'cmake_target_skip_unavailable': False, 'install_base': '/home/mustafa/evoart_ws/install/evoart_perception', 'merge_install': False, 'path': '/home/mustafa/evoart_ws/src/evoart_perception', 'symlink_install': False, 'test_result_base': None}[0m
[0.273s] [34mcolcon.colcon_core.verb[0m [1;30mLevel 5[0m set package 'velodyne_driver' build argument 'cmake_args' from command line to 'None'
[0.273s] [34mcolcon.colcon_core.verb[0m [1;30mLevel 5[0m set package 'velodyne_driver' build argument 'cmake_target' from command line to 'None'
[0.273s] [34mcolcon.colcon_core.verb[0m [1;30mLevel 5[0m set package 'velodyne_driver' build argument 'cmake_target_skip_unavailable' from command line to 'False'
[0.273s] [34mcolcon.colcon_core.verb[0m [1;30mLevel 5[0m set package 'velodyne_driver' build argument 'cmake_clean_cache' from command line to 'False'
[0.274s] [34mcolcon.colcon_core.verb[0m [1;30mLevel 5[0m set package 'velodyne_driver' build argument 'cmake_clean_first' from command line to 'False'
[0.274s] [34mcolcon.colcon_core.verb[0m [1;30mLevel 5[0m set package 'velodyne_driver' build argument 'cmake_force_configure' from command line to 'False'
[0.274s] [34mcolcon.colcon_core.verb[0m [1;30mLevel 5[0m set package 'velodyne_driver' build argument 'ament_cmake_args' from command line to 'None'
[0.274s] [34mcolcon.colcon_core.verb[0m [1;30mLevel 5[0m set package 'velodyne_driver' build argument 'catkin_cmake_args' from command line to 'None'
[0.274s] [34mcolcon.colcon_core.verb[0m [1;30mLevel 5[0m set package 'velodyne_driver' build argument 'catkin_skip_building_tests' from command line to 'False'
[0.274s] [34mcolcon.colcon_core.verb[0m [1;30mDEBUG[0m [32mBuilding package 'velodyne_driver' with the following arguments: {'ament_cmake_args': None, 'build_base': '/home/mustafa/evoart_ws/build/velodyne_driver', 'catkin_cmake_args': None, 'catkin_skip_building_tests': False, 'cmake_args': None, 'cmake_clean_cache': False, 'cmake_clean_first': False, 'cmake_force_configure': False, 'cmake_target': None, 'cmake_target_skip_unavailable': False, 'install_base': '/home/mustafa/evoart_ws/install/velodyne_driver', 'merge_install': False, 'path': '/home/mustafa/evoart_ws/src/velodyne/velodyne_driver', 'symlink_install': False, 'test_result_base': None}[0m
[0.274s] [34mcolcon.colcon_core.verb[0m [1;30mLevel 5[0m set package 'velodyne_pointcloud' build argument 'cmake_args' from command line to 'None'
[0.274s] [34mcolcon.colcon_core.verb[0m [1;30mLevel 5[0m set package 'velodyne_pointcloud' build argument 'cmake_target' from command line to 'None'
[0.274s] [34mcolcon.colcon_core.verb[0m [1;30mLevel 5[0m set package 'velodyne_pointcloud' build argument 'cmake_target_skip_unavailable' from command line to 'False'
[0.274s] [34mcolcon.colcon_core.verb[0m [1;30mLevel 5[0m set package 'velodyne_pointcloud' build argument 'cmake_clean_cache' from command line to 'False'
[0.274s] [34mcolcon.colcon_core.verb[0m [1;30mLevel 5[0m set package 'velodyne_pointcloud' build argument 'cmake_clean_first' from command line to 'False'
[0.274s] [34mcolcon.colcon_core.verb[0m [1;30mLevel 5[0m set package 'velodyne_pointcloud' build argument 'cmake_force_configure' from command line to 'False'
[0.274s] [34mcolcon.colcon_core.verb[0m [1;30mLevel 5[0m set package 'velodyne_pointcloud' build argument 'ament_cmake_args' from command line to 'None'
[0.274s] [34mcolcon.colcon_core.verb[0m [1;30mLevel 5[0m set package 'velodyne_pointcloud' build argument 'catkin_cmake_args' from command line to 'None'
[0.274s] [34mcolcon.colcon_core.verb[0m [1;30mLevel 5[0m set package 'velodyne_pointcloud' build argument 'catkin_skip_building_tests' from command line to 'False'
[0.274s] [34mcolcon.colcon_core.verb[0m [1;30mDEBUG[0m [32mBuilding package 'velodyne_pointcloud' with the following arguments: {'ament_cmake_args': None, 'build_base': '/home/mustafa/evoart_ws/build/velodyne_pointcloud', 'catkin_cmake_args': None, 'catkin_skip_building_tests': False, 'cmake_args': None, 'cmake_clean_cache': False, 'cmake_clean_first': False, 'cmake_force_configure': False, 'cmake_target': None, 'cmake_target_skip_unavailable': False, 'install_base': '/home/mustafa/evoart_ws/install/velodyne_pointcloud', 'merge_install': False, 'path': '/home/mustafa/evoart_ws/src/velodyne/velodyne_pointcloud', 'symlink_install': False, 'test_result_base': None}[0m
[0.274s] [34mcolcon.colcon_core.verb[0m [1;30mLevel 5[0m set package 'zed_debug' build argument 'cmake_args' from command line to 'None'
[0.274s] [34mcolcon.colcon_core.verb[0m [1;30mLevel 5[0m set package 'zed_debug' build argument 'cmake_target' from command line to 'None'
[0.274s] [34mcolcon.colcon_core.verb[0m [1;30mLevel 5[0m set package 'zed_debug' build argument 'cmake_target_skip_unavailable' from command line to 'False'
[0.274s] [34mcolcon.colcon_core.verb[0m [1;30mLevel 5[0m set package 'zed_debug' build argument 'cmake_clean_cache' from command line to 'False'
[0.274s] [34mcolcon.colcon_core.verb[0m [1;30mLevel 5[0m set package 'zed_debug' build argument 'cmake_clean_first' from command line to 'False'
[0.274s] [34mcolcon.colcon_core.verb[0m [1;30mLevel 5[0m set package 'zed_debug' build argument 'cmake_force_configure' from command line to 'False'
[0.274s] [34mcolcon.colcon_core.verb[0m [1;30mLevel 5[0m set package 'zed_debug' build argument 'ament_cmake_args' from command line to 'None'
[0.274s] [34mcolcon.colcon_core.verb[0m [1;30mLevel 5[0m set package 'zed_debug' build argument 'catkin_cmake_args' from command line to 'None'
[0.274s] [34mcolcon.colcon_core.verb[0m [1;30mLevel 5[0m set package 'zed_debug' build argument 'catkin_skip_building_tests' from command line to 'False'
[0.274s] [34mcolcon.colcon_core.verb[0m [1;30mDEBUG[0m [32mBuilding package 'zed_debug' with the following arguments: {'ament_cmake_args': None, 'build_base': '/home/mustafa/evoart_ws/build/zed_debug', 'catkin_cmake_args': None, 'catkin_skip_building_tests': False, 'cmake_args': None, 'cmake_clean_cache': False, 'cmake_clean_first': False, 'cmake_force_configure': False, 'cmake_target': None, 'cmake_target_skip_unavailable': False, 'install_base': '/home/mustafa/evoart_ws/install/zed_debug', 'merge_install': False, 'path': '/home/mustafa/evoart_ws/src/zed-ros2-wrapper/zed_debug', 'symlink_install': False, 'test_result_base': None}[0m
[0.274s] [34mcolcon.colcon_core.verb[0m [1;30mLevel 5[0m set package 'zed_wrapper' build argument 'cmake_args' from command line to 'None'
[0.274s] [34mcolcon.colcon_core.verb[0m [1;30mLevel 5[0m set package 'zed_wrapper' build argument 'cmake_target' from command line to 'None'
[0.274s] [34mcolcon.colcon_core.verb[0m [1;30mLevel 5[0m set package 'zed_wrapper' build argument 'cmake_target_skip_unavailable' from command line to 'False'
[0.274s] [34mcolcon.colcon_core.verb[0m [1;30mLevel 5[0m set package 'zed_wrapper' build argument 'cmake_clean_cache' from command line to 'False'
[0.274s] [34mcolcon.colcon_core.verb[0m [1;30mLevel 5[0m set package 'zed_wrapper' build argument 'cmake_clean_first' from command line to 'False'
[0.274s] [34mcolcon.colcon_core.verb[0m [1;30mLevel 5[0m set package 'zed_wrapper' build argument 'cmake_force_configure' from command line to 'False'
[0.274s] [34mcolcon.colcon_core.verb[0m [1;30mLevel 5[0m set package 'zed_wrapper' build argument 'ament_cmake_args' from command line to 'None'
[0.274s] [34mcolcon.colcon_core.verb[0m [1;30mLevel 5[0m set package 'zed_wrapper' build argument 'catkin_cmake_args' from command line to 'None'
[0.274s] [34mcolcon.colcon_core.verb[0m [1;30mLevel 5[0m set package 'zed_wrapper' build argument 'catkin_skip_building_tests' from command line to 'False'
[0.274s] [34mcolcon.colcon_core.verb[0m [1;30mDEBUG[0m [32mBuilding package 'zed_wrapper' with the following arguments: {'ament_cmake_args': None, 'build_base': '/home/mustafa/evoart_ws/build/zed_wrapper', 'catkin_cmake_args': None, 'catkin_skip_building_tests': False, 'cmake_args': None, 'cmake_clean_cache': False, 'cmake_clean_first': False, 'cmake_force_configure': False, 'cmake_target': None, 'cmake_target_skip_unavailable': False, 'install_base': '/home/mustafa/evoart_ws/install/zed_wrapper', 'merge_install': False, 'path': '/home/mustafa/evoart_ws/src/zed-ros2-wrapper/zed_wrapper', 'symlink_install': False, 'test_result_base': None}[0m
[0.274s] [34mcolcon.colcon_core.verb[0m [1;30mLevel 5[0m set package 'evoart_bringup' build argument 'cmake_args' from command line to 'None'
[0.274s] [34mcolcon.colcon_core.verb[0m [1;30mLevel 5[0m set package 'evoart_bringup' build argument 'cmake_target' from command line to 'None'
[0.274s] [34mcolcon.colcon_core.verb[0m [1;30mLevel 5[0m set package 'evoart_bringup' build argument 'cmake_target_skip_unavailable' from command line to 'False'
[0.274s] [34mcolcon.colcon_core.verb[0m [1;30mLevel 5[0m set package 'evoart_bringup' build argument 'cmake_clean_cache' from command line to 'False'
[0.275s] [34mcolcon.colcon_core.verb[0m [1;30mLevel 5[0m set package 'evoart_bringup' build argument 'cmake_clean_first' from command line to 'False'
[0.275s] [34mcolcon.colcon_core.verb[0m [1;30mLevel 5[0m set package 'evoart_bringup' build argument 'cmake_force_configure' from command line to 'False'
[0.275s] [34mcolcon.colcon_core.verb[0m [1;30mLevel 5[0m set package 'evoart_bringup' build argument 'ament_cmake_args' from command line to 'None'
[0.275s] [34mcolcon.colcon_core.verb[0m [1;30mLevel 5[0m set package 'evoart_bringup' build argument 'catkin_cmake_args' from command line to 'None'
[0.275s] [34mcolcon.colcon_core.verb[0m [1;30mLevel 5[0m set package 'evoart_bringup' build argument 'catkin_skip_building_tests' from command line to 'False'
[0.275s] [34mcolcon.colcon_core.verb[0m [1;30mDEBUG[0m [32mBuilding package 'evoart_bringup' with the following arguments: {'ament_cmake_args': None, 'build_base': '/home/mustafa/evoart_ws/build/evoart_bringup', 'catkin_cmake_args': None, 'catkin_skip_building_tests': False, 'cmake_args': None, 'cmake_clean_cache': False, 'cmake_clean_first': False, 'cmake_force_configure': False, 'cmake_target': None, 'cmake_target_skip_unavailable': False, 'install_base': '/home/mustafa/evoart_ws/install/evoart_bringup', 'merge_install': False, 'path': '/home/mustafa/evoart_ws/src/evoart_bringup', 'symlink_install': False, 'test_result_base': None}[0m
[0.275s] [34mcolcon.colcon_core.verb[0m [1;30mLevel 5[0m set package 'velodyne' build argument 'cmake_args' from command line to 'None'
[0.275s] [34mcolcon.colcon_core.verb[0m [1;30mLevel 5[0m set package 'velodyne' build argument 'cmake_target' from command line to 'None'
[0.275s] [34mcolcon.colcon_core.verb[0m [1;30mLevel 5[0m set package 'velodyne' build argument 'cmake_target_skip_unavailable' from command line to 'False'
[0.275s] [34mcolcon.colcon_core.verb[0m [1;30mLevel 5[0m set package 'velodyne' build argument 'cmake_clean_cache' from command line to 'False'
[0.275s] [34mcolcon.colcon_core.verb[0m [1;30mLevel 5[0m set package 'velodyne' build argument 'cmake_clean_first' from command line to 'False'
[0.275s] [34mcolcon.colcon_core.verb[0m [1;30mLevel 5[0m set package 'velodyne' build argument 'cmake_force_configure' from command line to 'False'
[0.275s] [34mcolcon.colcon_core.verb[0m [1;30mLevel 5[0m set package 'velodyne' build argument 'ament_cmake_args' from command line to 'None'
[0.275s] [34mcolcon.colcon_core.verb[0m [1;30mLevel 5[0m set package 'velodyne' build argument 'catkin_cmake_args' from command line to 'None'
[0.275s] [34mcolcon.colcon_core.verb[0m [1;30mLevel 5[0m set package 'velodyne' build argument 'catkin_skip_building_tests' from command line to 'False'
[0.275s] [34mcolcon.colcon_core.verb[0m [1;30mDEBUG[0m [32mBuilding package 'velodyne' with the following arguments: {'ament_cmake_args': None, 'build_base': '/home/mustafa/evoart_ws/build/velodyne', 'catkin_cmake_args': None, 'catkin_skip_building_tests': False, 'cmake_args': None, 'cmake_clean_cache': False, 'cmake_clean_first': False, 'cmake_force_configure': False, 'cmake_target': None, 'cmake_target_skip_unavailable': False, 'install_base': '/home/mustafa/evoart_ws/install/velodyne', 'merge_install': False, 'path': '/home/mustafa/evoart_ws/src/velodyne/velodyne', 'symlink_install': False, 'test_result_base': None}[0m
[0.275s] [34mcolcon.colcon_core.verb[0m [1;30mLevel 5[0m set package 'zed_ros2' build argument 'cmake_args' from command line to 'None'
[0.275s] [34mcolcon.colcon_core.verb[0m [1;30mLevel 5[0m set package 'zed_ros2' build argument 'cmake_target' from command line to 'None'
[0.275s] [34mcolcon.colcon_core.verb[0m [1;30mLevel 5[0m set package 'zed_ros2' build argument 'cmake_target_skip_unavailable' from command line to 'False'
[0.275s] [34mcolcon.colcon_core.verb[0m [1;30mLevel 5[0m set package 'zed_ros2' build argument 'cmake_clean_cache' from command line to 'False'
[0.275s] [34mcolcon.colcon_core.verb[0m [1;30mLevel 5[0m set package 'zed_ros2' build argument 'cmake_clean_first' from command line to 'False'
[0.275s] [34mcolcon.colcon_core.verb[0m [1;30mLevel 5[0m set package 'zed_ros2' build argument 'cmake_force_configure' from command line to 'False'
[0.275s] [34mcolcon.colcon_core.verb[0m [1;30mLevel 5[0m set package 'zed_ros2' build argument 'ament_cmake_args' from command line to 'None'
[0.275s] [34mcolcon.colcon_core.verb[0m [1;30mLevel 5[0m set package 'zed_ros2' build argument 'catkin_cmake_args' from command line to 'None'
[0.275s] [34mcolcon.colcon_core.verb[0m [1;30mLevel 5[0m set package 'zed_ros2' build argument 'catkin_skip_building_tests' from command line to 'False'
[0.275s] [34mcolcon.colcon_core.verb[0m [1;30mDEBUG[0m [32mBuilding package 'zed_ros2' with the following arguments: {'ament_cmake_args': None, 'build_base': '/home/mustafa/evoart_ws/build/zed_ros2', 'catkin_cmake_args': None, 'catkin_skip_building_tests': False, 'cmake_args': None, 'cmake_clean_cache': False, 'cmake_clean_first': False, 'cmake_force_configure': False, 'cmake_target': None, 'cmake_target_skip_unavailable': False, 'install_base': '/home/mustafa/evoart_ws/install/zed_ros2', 'merge_install': False, 'path': '/home/mustafa/evoart_ws/src/zed-ros2-wrapper/zed_ros2', 'symlink_install': False, 'test_result_base': None}[0m
[0.275s] [34mcolcon.colcon_core.executor[0m [1;30mINFO[0m Executing jobs using 'parallel' executor
[0.276s] [34mcolcon.colcon_parallel_executor.executor.parallel[0m [1;30mDEBUG[0m [32mrun_until_complete[0m
[0.276s] [34mcolcon.colcon_ros.task.ament_cmake.build[0m [1;30mINFO[0m Building ROS package in '/home/mustafa/evoart_ws/src/evoart_interfaces' with build type 'ament_cmake'
[0.276s] [34mcolcon.colcon_cmake.task.cmake.build[0m [1;30mINFO[0m Building CMake package in '/home/mustafa/evoart_ws/src/evoart_interfaces'
[0.277s] [34mcolcon.colcon_core.plugin_system[0m [1;30mINFO[0m Skipping extension 'colcon_core.shell.bat': Not used on non-Windows systems
[0.277s] [34mcolcon.colcon_core.shell[0m [1;30mINFO[0m Skip shell extension 'powershell' for command environment: Not usable outside of PowerShell
[0.277s] [34mcolcon.colcon_core.shell[0m [1;30mDEBUG[0m [32mSkip shell extension 'dsv' for command environment[0m
[0.280s] [34mcolcon.colcon_ros.task.ament_cmake.build[0m [1;30mINFO[0m Building ROS package in '/home/mustafa/evoart_ws/src/velodyne/velodyne_msgs' with build type 'ament_cmake'
[0.280s] [34mcolcon.colcon_cmake.task.cmake.build[0m [1;30mINFO[0m Building CMake package in '/home/mustafa/evoart_ws/src/velodyne/velodyne_msgs'
[0.280s] [34mcolcon.colcon_core.shell[0m [1;30mINFO[0m Skip shell extension 'powershell' for command environment: Not usable outside of PowerShell
[0.280s] [34mcolcon.colcon_core.shell[0m [1;30mDEBUG[0m [32mSkip shell extension 'dsv' for command environment[0m
[0.283s] [34mcolcon.colcon_ros.task.ament_cmake.build[0m [1;30mINFO[0m Building ROS package in '/home/mustafa/evoart_ws/src/zed-ros2-wrapper/zed_components' with build type 'ament_cmake'
[0.283s] [34mcolcon.colcon_cmake.task.cmake.build[0m [1;30mINFO[0m Building CMake package in '/home/mustafa/evoart_ws/src/zed-ros2-wrapper/zed_components'
[0.283s] [34mcolcon.colcon_core.shell[0m [1;30mINFO[0m Skip shell extension 'powershell' for command environment: Not usable outside of PowerShell
[0.283s] [34mcolcon.colcon_core.shell[0m [1;30mDEBUG[0m [32mSkip shell extension 'dsv' for command environment[0m
[0.285s] [34mcolcon.colcon_ros.task.ament_cmake.build[0m [1;30mINFO[0m Building ROS package in '/home/mustafa/evoart_ws/src/evoart_description' with build type 'ament_cmake'
[0.285s] [34mcolcon.colcon_cmake.task.cmake.build[0m [1;30mINFO[0m Building CMake package in '/home/mustafa/evoart_ws/src/evoart_description'
[0.286s] [34mcolcon.colcon_core.shell[0m [1;30mINFO[0m Skip shell extension 'powershell' for command environment: Not usable outside of PowerShell
[0.286s] [34mcolcon.colcon_core.shell[0m [1;30mDEBUG[0m [32mSkip shell extension 'dsv' for command environment[0m
[0.288s] [34mcolcon.colcon_ros.task.ament_cmake.build[0m [1;30mINFO[0m Building ROS package in '/home/mustafa/evoart_ws/src/evoart_navigation' with build type 'ament_cmake'
[0.288s] [34mcolcon.colcon_cmake.task.cmake.build[0m [1;30mINFO[0m Building CMake package in '/home/mustafa/evoart_ws/src/evoart_navigation'
[0.288s] [34mcolcon.colcon_core.shell[0m [1;30mINFO[0m Skip shell extension 'powershell' for command environment: Not usable outside of PowerShell
[0.288s] [34mcolcon.colcon_core.shell[0m [1;30mDEBUG[0m [32mSkip shell extension 'dsv' for command environment[0m
[0.291s] [34mcolcon.colcon_ros.task.ament_cmake.build[0m [1;30mINFO[0m Building ROS package in '/home/mustafa/evoart_ws/src/velodyne/velodyne_laserscan' with build type 'ament_cmake'
[0.291s] [34mcolcon.colcon_cmake.task.cmake.build[0m [1;30mINFO[0m Building CMake package in '/home/mustafa/evoart_ws/src/velodyne/velodyne_laserscan'
[0.291s] [34mcolcon.colcon_core.shell[0m [1;30mINFO[0m Skip shell extension 'powershell' for command environment: Not usable outside of PowerShell
[0.291s] [34mcolcon.colcon_core.shell[0m [1;30mDEBUG[0m [32mSkip shell extension 'dsv' for command environment[0m
[0.296s] [34mcolcon.colcon_core.event_handler.log_command[0m [1;30mDEBUG[0m [32mInvoking command in '/home/mustafa/evoart_ws/build/evoart_interfaces': CMAKE_PREFIX_PATH=${CMAKE_PREFIX_PATH}:/opt/ros/humble /usr/bin/cmake --build /home/mustafa/evoart_ws/build/evoart_interfaces -- -j32 -l32[0m
[0.297s] [34mcolcon.colcon_core.event_handler.log_command[0m [1;30mDEBUG[0m [32mInvoking command in '/home/mustafa/evoart_ws/build/velodyne_msgs': CMAKE_PREFIX_PATH=${CMAKE_PREFIX_PATH}:/opt/ros/humble /usr/bin/cmake /home/mustafa/evoart_ws/src/velodyne/velodyne_msgs -DCMAKE_INSTALL_PREFIX=/home/mustafa/evoart_ws/install/velodyne_msgs[0m
[0.299s] [34mcolcon.colcon_core.event_handler.log_command[0m [1;30mDEBUG[0m [32mInvoking command in '/home/mustafa/evoart_ws/build/zed_components': CMAKE_PREFIX_PATH=${CMAKE_PREFIX_PATH}:/opt/ros/humble /usr/bin/cmake /home/mustafa/evoart_ws/src/zed-ros2-wrapper/zed_components -DCMAKE_INSTALL_PREFIX=/home/mustafa/evoart_ws/install/zed_components[0m
[0.300s] [34mcolcon.colcon_core.event_handler.log_command[0m [1;30mDEBUG[0m [32mInvoking command in '/home/mustafa/evoart_ws/build/evoart_description': CMAKE_PREFIX_PATH=${CMAKE_PREFIX_PATH}:/opt/ros/humble /usr/bin/cmake /home/mustafa/evoart_ws/src/evoart_description -DCMAKE_INSTALL_PREFIX=/home/mustafa/evoart_ws/install/evoart_description[0m
[0.302s] [34mcolcon.colcon_core.event_handler.log_command[0m [1;30mDEBUG[0m [32mInvoking command in '/home/mustafa/evoart_ws/build/evoart_navigation': CMAKE_PREFIX_PATH=${CMAKE_PREFIX_PATH}:/opt/ros/humble /usr/bin/cmake /home/mustafa/evoart_ws/src/evoart_navigation -DCMAKE_INSTALL_PREFIX=/home/mustafa/evoart_ws/install/evoart_navigation[0m
[0.305s] [34mcolcon.colcon_core.event_handler.log_command[0m [1;30mDEBUG[0m [32mInvoking command in '/home/mustafa/evoart_ws/build/velodyne_laserscan': CMAKE_PREFIX_PATH=${CMAKE_PREFIX_PATH}:/opt/ros/humble /usr/bin/cmake /home/mustafa/evoart_ws/src/velodyne/velodyne_laserscan -DCMAKE_INSTALL_PREFIX=/home/mustafa/evoart_ws/install/velodyne_laserscan[0m
[0.613s] [34mcolcon.colcon_core.event_handler.log_command[0m [1;30mDEBUG[0m [32mInvoked command in '/home/mustafa/evoart_ws/build/evoart_interfaces' returned '0': CMAKE_PREFIX_PATH=${CMAKE_PREFIX_PATH}:/opt/ros/humble /usr/bin/cmake --build /home/mustafa/evoart_ws/build/evoart_interfaces -- -j32 -l32[0m
[0.624s] [34mcolcon.colcon_core.event_handler.log_command[0m [1;30mDEBUG[0m [32mInvoking command in '/home/mustafa/evoart_ws/build/evoart_interfaces': CMAKE_PREFIX_PATH=${CMAKE_PREFIX_PATH}:/opt/ros/humble /usr/bin/cmake --install /home/mustafa/evoart_ws/build/evoart_interfaces[0m
[0.673s] [34mcolcon.colcon_core.environment[0m [1;30mLevel 1[0m create_environment_scripts_only(evoart_interfaces)
[0.674s] [34mcolcon.colcon_core.event_handler.log_command[0m [1;30mDEBUG[0m [32mInvoked command in '/home/mustafa/evoart_ws/build/evoart_interfaces' returned '0': CMAKE_PREFIX_PATH=${CMAKE_PREFIX_PATH}:/opt/ros/humble /usr/bin/cmake --install /home/mustafa/evoart_ws/build/evoart_interfaces[0m
[0.675s] [34mcolcon.colcon_core.environment[0m [1;30mLevel 1[0m checking '/home/mustafa/evoart_ws/install/evoart_interfaces' for CMake module files
[0.676s] [34mcolcon.colcon_core.environment[0m [1;30mLevel 1[0m checking '/home/mustafa/evoart_ws/install/evoart_interfaces' for CMake config files
[0.676s] [34mcolcon.colcon_core.shell[0m [1;30mLevel 1[0m create_environment_hook('evoart_interfaces', 'cmake_prefix_path')
[0.677s] [34mcolcon.colcon_core.shell[0m [1;30mINFO[0m Creating environment hook '/home/mustafa/evoart_ws/install/evoart_interfaces/share/evoart_interfaces/hook/cmake_prefix_path.ps1'
[0.677s] [34mcolcon.colcon_core.shell[0m [1;30mINFO[0m Creating environment descriptor '/home/mustafa/evoart_ws/install/evoart_interfaces/share/evoart_interfaces/hook/cmake_prefix_path.dsv'
[0.677s] [34mcolcon.colcon_core.shell[0m [1;30mINFO[0m Creating environment hook '/home/mustafa/evoart_ws/install/evoart_interfaces/share/evoart_interfaces/hook/cmake_prefix_path.sh'
[0.678s] [34mcolcon.colcon_core.environment[0m [1;30mLevel 1[0m checking '/home/mustafa/evoart_ws/install/evoart_interfaces/lib'
[0.678s] [34mcolcon.colcon_core.shell[0m [1;30mLevel 1[0m create_environment_hook('evoart_interfaces', 'ld_library_path_lib')
[0.679s] [34mcolcon.colcon_core.shell[0m [1;30mINFO[0m Creating environment hook '/home/mustafa/evoart_ws/install/evoart_interfaces/share/evoart_interfaces/hook/ld_library_path_lib.ps1'
[0.679s] [34mcolcon.colcon_core.shell[0m [1;30mINFO[0m Creating environment descriptor '/home/mustafa/evoart_ws/install/evoart_interfaces/share/evoart_interfaces/hook/ld_library_path_lib.dsv'
[0.679s] [34mcolcon.colcon_core.shell[0m [1;30mINFO[0m Creating environment hook '/home/mustafa/evoart_ws/install/evoart_interfaces/share/evoart_interfaces/hook/ld_library_path_lib.sh'
[0.680s] [34mcolcon.colcon_core.environment[0m [1;30mLevel 1[0m checking '/home/mustafa/evoart_ws/install/evoart_interfaces/bin'
[0.680s] [34mcolcon.colcon_core.environment[0m [1;30mLevel 1[0m checking '/home/mustafa/evoart_ws/install/evoart_interfaces/lib/pkgconfig/evoart_interfaces.pc'
[0.680s] [34mcolcon.colcon_core.environment[0m [1;30mLevel 1[0m checking '/home/mustafa/evoart_ws/install/evoart_interfaces/lib/python3.10/site-packages'
[0.680s] [34mcolcon.colcon_core.environment[0m [1;30mLevel 1[0m checking '/home/mustafa/evoart_ws/install/evoart_interfaces/bin'
[0.681s] [34mcolcon.colcon_core.shell[0m [1;30mINFO[0m Creating package script '/home/mustafa/evoart_ws/install/evoart_interfaces/share/evoart_interfaces/package.ps1'
[0.682s] [34mcolcon.colcon_core.shell[0m [1;30mINFO[0m Creating package descriptor '/home/mustafa/evoart_ws/install/evoart_interfaces/share/evoart_interfaces/package.dsv'
[0.682s] [34mcolcon.colcon_core.shell[0m [1;30mINFO[0m Creating package script '/home/mustafa/evoart_ws/install/evoart_interfaces/share/evoart_interfaces/package.sh'
[0.682s] [34mcolcon.colcon_core.shell[0m [1;30mINFO[0m Creating package script '/home/mustafa/evoart_ws/install/evoart_interfaces/share/evoart_interfaces/package.bash'
[0.683s] [34mcolcon.colcon_core.shell[0m [1;30mINFO[0m Creating package script '/home/mustafa/evoart_ws/install/evoart_interfaces/share/evoart_interfaces/package.zsh'
[0.683s] [34mcolcon.colcon_core.environment[0m [1;30mLevel 1[0m create_file_with_runtime_dependencies(/home/mustafa/evoart_ws/install/evoart_interfaces/share/colcon-core/packages/evoart_interfaces)
[0.684s] [34mcolcon.colcon_core.environment[0m [1;30mLevel 1[0m create_environment_scripts_only(evoart_interfaces)
[0.684s] [34mcolcon.colcon_core.environment[0m [1;30mLevel 1[0m checking '/home/mustafa/evoart_ws/install/evoart_interfaces' for CMake module files
[0.684s] [34mcolcon.colcon_core.environment[0m [1;30mLevel 1[0m checking '/home/mustafa/evoart_ws/install/evoart_interfaces' for CMake config files
[0.685s] [34mcolcon.colcon_core.shell[0m [1;30mLevel 1[0m create_environment_hook('evoart_interfaces', 'cmake_prefix_path')
[0.685s] [34mcolcon.colcon_core.shell[0m [1;30mINFO[0m Creating environment hook '/home/mustafa/evoart_ws/install/evoart_interfaces/share/evoart_interfaces/hook/cmake_prefix_path.ps1'
[0.685s] [34mcolcon.colcon_core.shell[0m [1;30mINFO[0m Creating environment descriptor '/home/mustafa/evoart_ws/install/evoart_interfaces/share/evoart_interfaces/hook/cmake_prefix_path.dsv'
[0.686s] [34mcolcon.colcon_core.shell[0m [1;30mINFO[0m Creating environment hook '/home/mustafa/evoart_ws/install/evoart_interfaces/share/evoart_interfaces/hook/cmake_prefix_path.sh'
[0.686s] [34mcolcon.colcon_core.environment[0m [1;30mLevel 1[0m checking '/home/mustafa/evoart_ws/install/evoart_interfaces/lib'
[0.686s] [34mcolcon.colcon_core.shell[0m [1;30mLevel 1[0m create_environment_hook('evoart_interfaces', 'ld_library_path_lib')
[0.686s] [34mcolcon.colcon_core.shell[0m [1;30mINFO[0m Creating environment hook '/home/mustafa/evoart_ws/install/evoart_interfaces/share/evoart_interfaces/hook/ld_library_path_lib.ps1'
[0.687s] [34mcolcon.colcon_core.shell[0m [1;30mINFO[0m Creating environment descriptor '/home/mustafa/evoart_ws/install/evoart_interfaces/share/evoart_interfaces/hook/ld_library_path_lib.dsv'
[0.687s] [34mcolcon.colcon_core.shell[0m [1;30mINFO[0m Creating environment hook '/home/mustafa/evoart_ws/install/evoart_interfaces/share/evoart_interfaces/hook/ld_library_path_lib.sh'
[0.687s] [34mcolcon.colcon_core.environment[0m [1;30mLevel 1[0m checking '/home/mustafa/evoart_ws/install/evoart_interfaces/bin'
[0.687s] [34mcolcon.colcon_core.environment[0m [1;30mLevel 1[0m checking '/home/mustafa/evoart_ws/install/evoart_interfaces/lib/pkgconfig/evoart_interfaces.pc'
[0.687s] [34mcolcon.colcon_core.environment[0m [1;30mLevel 1[0m checking '/home/mustafa/evoart_ws/install/evoart_interfaces/lib/python3.10/site-packages'
[0.688s] [34mcolcon.colcon_core.environment[0m [1;30mLevel 1[0m checking '/home/mustafa/evoart_ws/install/evoart_interfaces/bin'
[0.688s] [34mcolcon.colcon_core.shell[0m [1;30mINFO[0m Creating package script '/home/mustafa/evoart_ws/install/evoart_interfaces/share/evoart_interfaces/package.ps1'
[0.688s] [34mcolcon.colcon_core.shell[0m [1;30mINFO[0m Creating package descriptor '/home/mustafa/evoart_ws/install/evoart_interfaces/share/evoart_interfaces/package.dsv'
[0.688s] [34mcolcon.colcon_core.shell[0m [1;30mINFO[0m Creating package script '/home/mustafa/evoart_ws/install/evoart_interfaces/share/evoart_interfaces/package.sh'
[0.689s] [34mcolcon.colcon_core.shell[0m [1;30mINFO[0m Creating package script '/home/mustafa/evoart_ws/install/evoart_interfaces/share/evoart_interfaces/package.bash'
[0.689s] [34mcolcon.colcon_core.shell[0m [1;30mINFO[0m Creating package script '/home/mustafa/evoart_ws/install/evoart_interfaces/share/evoart_interfaces/package.zsh'
[0.690s] [34mcolcon.colcon_core.environment[0m [1;30mLevel 1[0m create_file_with_runtime_dependencies(/home/mustafa/evoart_ws/install/evoart_interfaces/share/colcon-core/packages/evoart_interfaces)
[0.690s] [34mcolcon.colcon_ros.task.ament_cmake.build[0m [1;30mINFO[0m Building ROS package in '/home/mustafa/evoart_ws/src/evoart_control' with build type 'ament_cmake'
[0.690s] [34mcolcon.colcon_cmake.task.cmake.build[0m [1;30mINFO[0m Building CMake package in '/home/mustafa/evoart_ws/src/evoart_control'
[0.690s] [34mcolcon.colcon_core.shell[0m [1;30mINFO[0m Skip shell extension 'powershell' for command environment: Not usable outside of PowerShell
[0.690s] [34mcolcon.colcon_core.shell[0m [1;30mDEBUG[0m [32mSkip shell extension 'dsv' for command environment[0m
[0.696s] [34mcolcon.colcon_ros.task.ament_cmake.build[0m [1;30mINFO[0m Building ROS package in '/home/mustafa/evoart_ws/src/evoart_behavior' with build type 'ament_cmake'
[0.696s] [34mcolcon.colcon_cmake.task.cmake.build[0m [1;30mINFO[0m Building CMake package in '/home/mustafa/evoart_ws/src/evoart_behavior'
[0.697s] [34mcolcon.colcon_core.shell[0m [1;30mINFO[0m Skip shell extension 'powershell' for command environment: Not usable outside of PowerShell
[0.697s] [34mcolcon.colcon_core.shell[0m [1;30mDEBUG[0m [32mSkip shell extension 'dsv' for command environment[0m
[0.700s] [34mcolcon.colcon_ros.task.ament_cmake.build[0m [1;30mINFO[0m Building ROS package in '/home/mustafa/evoart_ws/src/evoart_perception' with build type 'ament_cmake'
[0.700s] [34mcolcon.colcon_cmake.task.cmake.build[0m [1;30mINFO[0m Building CMake package in '/home/mustafa/evoart_ws/src/evoart_perception'
[0.700s] [34mcolcon.colcon_core.shell[0m [1;30mINFO[0m Skip shell extension 'powershell' for command environment: Not usable outside of PowerShell
[0.700s] [34mcolcon.colcon_core.shell[0m [1;30mDEBUG[0m [32mSkip shell extension 'dsv' for command environment[0m
[0.708s] [34mcolcon.colcon_core.event_handler.log_command[0m [1;30mDEBUG[0m [32mInvoking command in '/home/mustafa/evoart_ws/build/evoart_control': CMAKE_PREFIX_PATH=/home/mustafa/evoart_ws/install/evoart_interfaces:/home/mustafa/evoart_ws/install/evoart_control:/opt/ros/humble /usr/bin/cmake --build /home/mustafa/evoart_ws/build/evoart_control -- -j32 -l32[0m
[0.711s] [34mcolcon.colcon_core.event_handler.log_command[0m [1;30mDEBUG[0m [32mInvoking command in '/home/mustafa/evoart_ws/build/evoart_behavior': CMAKE_PREFIX_PATH=/home/mustafa/evoart_ws/install/evoart_interfaces:/home/mustafa/evoart_ws/install/evoart_control:/opt/ros/humble /usr/bin/cmake /home/mustafa/evoart_ws/src/evoart_behavior -DCMAKE_INSTALL_PREFIX=/home/mustafa/evoart_ws/install/evoart_behavior[0m
[0.715s] [34mcolcon.colcon_core.event_handler.log_command[0m [1;30mDEBUG[0m [32mInvoking command in '/home/mustafa/evoart_ws/build/evoart_perception': CMAKE_PREFIX_PATH=/home/mustafa/evoart_ws/install/evoart_interfaces:/home/mustafa/evoart_ws/install/evoart_control:/opt/ros/humble /usr/bin/cmake /home/mustafa/evoart_ws/src/evoart_perception -DCMAKE_INSTALL_PREFIX=/home/mustafa/evoart_ws/install/evoart_perception[0m
[0.788s] [34mcolcon.colcon_core.event_handler.log_command[0m [1;30mDEBUG[0m [32mInvoked command in '/home/mustafa/evoart_ws/build/evoart_control' returned '0': CMAKE_PREFIX_PATH=/home/mustafa/evoart_ws/install/evoart_interfaces:/home/mustafa/evoart_ws/install/evoart_control:/opt/ros/humble /usr/bin/cmake --build /home/mustafa/evoart_ws/build/evoart_control -- -j32 -l32[0m
[0.790s] [34mcolcon.colcon_core.event_handler.log_command[0m [1;30mDEBUG[0m [32mInvoking command in '/home/mustafa/evoart_ws/build/evoart_control': CMAKE_PREFIX_PATH=/home/mustafa/evoart_ws/install/evoart_interfaces:/home/mustafa/evoart_ws/install/evoart_control:/opt/ros/humble /usr/bin/cmake --install /home/mustafa/evoart_ws/build/evoart_control[0m
[0.802s] [34mcolcon.colcon_core.environment[0m [1;30mLevel 1[0m create_environment_scripts_only(evoart_control)
[0.802s] [34mcolcon.colcon_core.environment[0m [1;30mLevel 1[0m checking '/home/mustafa/evoart_ws/install/evoart_control' for CMake module files
[0.803s] [34mcolcon.colcon_core.event_handler.log_command[0m [1;30mDEBUG[0m [32mInvoked command in '/home/mustafa/evoart_ws/build/evoart_control' returned '0': CMAKE_PREFIX_PATH=/home/mustafa/evoart_ws/install/evoart_interfaces:/home/mustafa/evoart_ws/install/evoart_control:/opt/ros/humble /usr/bin/cmake --install /home/mustafa/evoart_ws/build/evoart_control[0m
[0.803s] [34mcolcon.colcon_core.environment[0m [1;30mLevel 1[0m checking '/home/mustafa/evoart_ws/install/evoart_control' for CMake config files
[0.803s] [34mcolcon.colcon_core.shell[0m [1;30mLevel 1[0m create_environment_hook('evoart_control', 'cmake_prefix_path')
[0.804s] [34mcolcon.colcon_core.shell[0m [1;30mINFO[0m Creating environment hook '/home/mustafa/evoart_ws/install/evoart_control/share/evoart_control/hook/cmake_prefix_path.ps1'
[0.804s] [34mcolcon.colcon_core.shell[0m [1;30mINFO[0m Creating environment descriptor '/home/mustafa/evoart_ws/install/evoart_control/share/evoart_control/hook/cmake_prefix_path.dsv'
[0.804s] [34mcolcon.colcon_core.shell[0m [1;30mINFO[0m Creating environment hook '/home/mustafa/evoart_ws/install/evoart_control/share/evoart_control/hook/cmake_prefix_path.sh'
[0.805s] [34mcolcon.colcon_core.environment[0m [1;30mLevel 1[0m checking '/home/mustafa/evoart_ws/install/evoart_control/lib'
[0.805s] [34mcolcon.colcon_core.environment[0m [1;30mLevel 1[0m checking '/home/mustafa/evoart_ws/install/evoart_control/bin'
[0.805s] [34mcolcon.colcon_core.environment[0m [1;30mLevel 1[0m checking '/home/mustafa/evoart_ws/install/evoart_control/lib/pkgconfig/evoart_control.pc'
[0.805s] [34mcolcon.colcon_core.environment[0m [1;30mLevel 1[0m checking '/home/mustafa/evoart_ws/install/evoart_control/lib/python3.10/site-packages'
[0.806s] [34mcolcon.colcon_core.environment[0m [1;30mLevel 1[0m checking '/home/mustafa/evoart_ws/install/evoart_control/bin'
[0.806s] [34mcolcon.colcon_core.shell[0m [1;30mINFO[0m Creating package script '/home/mustafa/evoart_ws/install/evoart_control/share/evoart_control/package.ps1'
[0.807s] [34mcolcon.colcon_core.shell[0m [1;30mINFO[0m Creating package descriptor '/home/mustafa/evoart_ws/install/evoart_control/share/evoart_control/package.dsv'
[0.807s] [34mcolcon.colcon_core.shell[0m [1;30mINFO[0m Creating package script '/home/mustafa/evoart_ws/install/evoart_control/share/evoart_control/package.sh'
[0.807s] [34mcolcon.colcon_core.shell[0m [1;30mINFO[0m Creating package script '/home/mustafa/evoart_ws/install/evoart_control/share/evoart_control/package.bash'
[0.808s] [34mcolcon.colcon_core.shell[0m [1;30mINFO[0m Creating package script '/home/mustafa/evoart_ws/install/evoart_control/share/evoart_control/package.zsh'
[0.808s] [34mcolcon.colcon_core.environment[0m [1;30mLevel 1[0m create_file_with_runtime_dependencies(/home/mustafa/evoart_ws/install/evoart_control/share/colcon-core/packages/evoart_control)
[0.809s] [34mcolcon.colcon_core.environment[0m [1;30mLevel 1[0m create_environment_scripts_only(evoart_control)
[0.809s] [34mcolcon.colcon_core.environment[0m [1;30mLevel 1[0m checking '/home/mustafa/evoart_ws/install/evoart_control' for CMake module files
[0.810s] [34mcolcon.colcon_core.environment[0m [1;30mLevel 1[0m checking '/home/mustafa/evoart_ws/install/evoart_control' for CMake config files
[0.810s] [34mcolcon.colcon_core.shell[0m [1;30mLevel 1[0m create_environment_hook('evoart_control', 'cmake_prefix_path')
[0.810s] [34mcolcon.colcon_core.shell[0m [1;30mINFO[0m Creating environment hook '/home/mustafa/evoart_ws/install/evoart_control/share/evoart_control/hook/cmake_prefix_path.ps1'
[0.811s] [34mcolcon.colcon_core.shell[0m [1;30mINFO[0m Creating environment descriptor '/home/mustafa/evoart_ws/install/evoart_control/share/evoart_control/hook/cmake_prefix_path.dsv'
[0.811s] [34mcolcon.colcon_core.shell[0m [1;30mINFO[0m Creating environment hook '/home/mustafa/evoart_ws/install/evoart_control/share/evoart_control/hook/cmake_prefix_path.sh'
[0.811s] [34mcolcon.colcon_core.environment[0m [1;30mLevel 1[0m checking '/home/mustafa/evoart_ws/install/evoart_control/lib'
[0.812s] [34mcolcon.colcon_core.environment[0m [1;30mLevel 1[0m checking '/home/mustafa/evoart_ws/install/evoart_control/bin'
[0.812s] [34mcolcon.colcon_core.environment[0m [1;30mLevel 1[0m checking '/home/mustafa/evoart_ws/install/evoart_control/lib/pkgconfig/evoart_control.pc'
[0.812s] [34mcolcon.colcon_core.environment[0m [1;30mLevel 1[0m checking '/home/mustafa/evoart_ws/install/evoart_control/lib/python3.10/site-packages'
[0.812s] [34mcolcon.colcon_core.environment[0m [1;30mLevel 1[0m checking '/home/mustafa/evoart_ws/install/evoart_control/bin'
[0.812s] [34mcolcon.colcon_core.shell[0m [1;30mINFO[0m Creating package script '/home/mustafa/evoart_ws/install/evoart_control/share/evoart_control/package.ps1'
[0.813s] [34mcolcon.colcon_core.shell[0m [1;30mINFO[0m Creating package descriptor '/home/mustafa/evoart_ws/install/evoart_control/share/evoart_control/package.dsv'
[0.813s] [34mcolcon.colcon_core.shell[0m [1;30mINFO[0m Creating package script '/home/mustafa/evoart_ws/install/evoart_control/share/evoart_control/package.sh'
[0.813s] [34mcolcon.colcon_core.shell[0m [1;30mINFO[0m Creating package script '/home/mustafa/evoart_ws/install/evoart_control/share/evoart_control/package.bash'
[0.814s] [34mcolcon.colcon_core.shell[0m [1;30mINFO[0m Creating package script '/home/mustafa/evoart_ws/install/evoart_control/share/evoart_control/package.zsh'
[0.814s] [34mcolcon.colcon_core.environment[0m [1;30mLevel 1[0m create_file_with_runtime_dependencies(/home/mustafa/evoart_ws/install/evoart_control/share/colcon-core/packages/evoart_control)
[0.923s] [34mcolcon.colcon_core.event_handler.log_command[0m [1;30mDEBUG[0m [32mInvoked command in '/home/mustafa/evoart_ws/build/evoart_navigation' returned '0': CMAKE_PREFIX_PATH=${CMAKE_PREFIX_PATH}:/opt/ros/humble /usr/bin/cmake /home/mustafa/evoart_ws/src/evoart_navigation -DCMAKE_INSTALL_PREFIX=/home/mustafa/evoart_ws/install/evoart_navigation[0m
[0.925s] [34mcolcon.colcon_core.event_handler.log_command[0m [1;30mDEBUG[0m [32mInvoking command in '/home/mustafa/evoart_ws/build/evoart_navigation': CMAKE_PREFIX_PATH=${CMAKE_PREFIX_PATH}:/opt/ros/humble /usr/bin/cmake --build /home/mustafa/evoart_ws/build/evoart_navigation -- -j32 -l32[0m
[0.925s] [34mcolcon.colcon_core.event_handler.log_command[0m [1;30mDEBUG[0m [32mInvoked command in '/home/mustafa/evoart_ws/build/evoart_description' returned '0': CMAKE_PREFIX_PATH=${CMAKE_PREFIX_PATH}:/opt/ros/humble /usr/bin/cmake /home/mustafa/evoart_ws/src/evoart_description -DCMAKE_INSTALL_PREFIX=/home/mustafa/evoart_ws/install/evoart_description[0m
[0.927s] [34mcolcon.colcon_core.event_handler.log_command[0m [1;30mDEBUG[0m [32mInvoking command in '/home/mustafa/evoart_ws/build/evoart_description': CMAKE_PREFIX_PATH=${CMAKE_PREFIX_PATH}:/opt/ros/humble /usr/bin/cmake --build /home/mustafa/evoart_ws/build/evoart_description -- -j32 -l32[0m
[0.963s] [34mcolcon.colcon_core.event_handler.log_command[0m [1;30mDEBUG[0m [32mInvoked command in '/home/mustafa/evoart_ws/build/evoart_navigation' returned '0': CMAKE_PREFIX_PATH=${CMAKE_PREFIX_PATH}:/opt/ros/humble /usr/bin/cmake --build /home/mustafa/evoart_ws/build/evoart_navigation -- -j32 -l32[0m
[0.964s] [34mcolcon.colcon_core.event_handler.log_command[0m [1;30mDEBUG[0m [32mInvoking command in '/home/mustafa/evoart_ws/build/evoart_navigation': CMAKE_PREFIX_PATH=${CMAKE_PREFIX_PATH}:/opt/ros/humble /usr/bin/cmake --install /home/mustafa/evoart_ws/build/evoart_navigation[0m
[0.965s] [34mcolcon.colcon_core.event_handler.log_command[0m [1;30mDEBUG[0m [32mInvoked command in '/home/mustafa/evoart_ws/build/evoart_description' returned '0': CMAKE_PREFIX_PATH=${CMAKE_PREFIX_PATH}:/opt/ros/humble /usr/bin/cmake --build /home/mustafa/evoart_ws/build/evoart_description -- -j32 -l32[0m
[0.967s] [34mcolcon.colcon_core.event_handler.log_command[0m [1;30mDEBUG[0m [32mInvoking command in '/home/mustafa/evoart_ws/build/evoart_description': CMAKE_PREFIX_PATH=${CMAKE_PREFIX_PATH}:/opt/ros/humble /usr/bin/cmake --install /home/mustafa/evoart_ws/build/evoart_description[0m
[0.977s] [34mcolcon.colcon_core.environment[0m [1;30mLevel 1[0m create_environment_scripts_only(evoart_navigation)
[0.977s] [34mcolcon.colcon_core.environment[0m [1;30mLevel 1[0m checking '/home/mustafa/evoart_ws/install/evoart_navigation' for CMake module files
[0.977s] [34mcolcon.colcon_core.event_handler.log_command[0m [1;30mDEBUG[0m [32mInvoked command in '/home/mustafa/evoart_ws/build/evoart_navigation' returned '0': CMAKE_PREFIX_PATH=${CMAKE_PREFIX_PATH}:/opt/ros/humble /usr/bin/cmake --install /home/mustafa/evoart_ws/build/evoart_navigation[0m
[0.978s] [34mcolcon.colcon_core.environment[0m [1;30mLevel 1[0m checking '/home/mustafa/evoart_ws/install/evoart_navigation' for CMake config files
[0.978s] [34mcolcon.colcon_core.shell[0m [1;30mLevel 1[0m create_environment_hook('evoart_navigation', 'cmake_prefix_path')
[0.979s] [34mcolcon.colcon_core.shell[0m [1;30mINFO[0m Creating environment hook '/home/mustafa/evoart_ws/install/evoart_navigation/share/evoart_navigation/hook/cmake_prefix_path.ps1'
[0.980s] [34mcolcon.colcon_core.shell[0m [1;30mINFO[0m Creating environment descriptor '/home/mustafa/evoart_ws/install/evoart_navigation/share/evoart_navigation/hook/cmake_prefix_path.dsv'
[0.980s] [34mcolcon.colcon_core.shell[0m [1;30mINFO[0m Creating environment hook '/home/mustafa/evoart_ws/install/evoart_navigation/share/evoart_navigation/hook/cmake_prefix_path.sh'
[0.980s] [34mcolcon.colcon_core.environment[0m [1;30mLevel 1[0m checking '/home/mustafa/evoart_ws/install/evoart_navigation/bin'
[0.980s] [34mcolcon.colcon_core.environment[0m [1;30mLevel 1[0m checking '/home/mustafa/evoart_ws/install/evoart_navigation/lib/pkgconfig/evoart_navigation.pc'
[0.981s] [34mcolcon.colcon_core.environment[0m [1;30mLevel 1[0m checking '/home/mustafa/evoart_ws/install/evoart_navigation/lib/python3.10/site-packages'
[0.981s] [34mcolcon.colcon_core.environment[0m [1;30mLevel 1[0m checking '/home/mustafa/evoart_ws/install/evoart_navigation/bin'
[0.981s] [34mcolcon.colcon_core.shell[0m [1;30mINFO[0m Creating package script '/home/mustafa/evoart_ws/install/evoart_navigation/share/evoart_navigation/package.ps1'
[0.982s] [34mcolcon.colcon_core.shell[0m [1;30mINFO[0m Creating package descriptor '/home/mustafa/evoart_ws/install/evoart_navigation/share/evoart_navigation/package.dsv'
[0.982s] [34mcolcon.colcon_core.shell[0m [1;30mINFO[0m Creating package script '/home/mustafa/evoart_ws/install/evoart_navigation/share/evoart_navigation/package.sh'
[0.983s] [34mcolcon.colcon_core.shell[0m [1;30mINFO[0m Creating package script '/home/mustafa/evoart_ws/install/evoart_navigation/share/evoart_navigation/package.bash'
[0.983s] [34mcolcon.colcon_core.shell[0m [1;30mINFO[0m Creating package script '/home/mustafa/evoart_ws/install/evoart_navigation/share/evoart_navigation/package.zsh'
[0.983s] [34mcolcon.colcon_core.environment[0m [1;30mLevel 1[0m create_file_with_runtime_dependencies(/home/mustafa/evoart_ws/install/evoart_navigation/share/colcon-core/packages/evoart_navigation)
[0.984s] [34mcolcon.colcon_core.environment[0m [1;30mLevel 1[0m create_environment_scripts_only(evoart_navigation)
[0.984s] [34mcolcon.colcon_core.environment[0m [1;30mLevel 1[0m checking '/home/mustafa/evoart_ws/install/evoart_navigation' for CMake module files
[0.985s] [34mcolcon.colcon_core.environment[0m [1;30mLevel 1[0m checking '/home/mustafa/evoart_ws/install/evoart_navigation' for CMake config files
[0.985s] [34mcolcon.colcon_core.shell[0m [1;30mLevel 1[0m create_environment_hook('evoart_navigation', 'cmake_prefix_path')
[0.985s] [34mcolcon.colcon_core.shell[0m [1;30mINFO[0m Creating environment hook '/home/mustafa/evoart_ws/install/evoart_navigation/share/evoart_navigation/hook/cmake_prefix_path.ps1'
[0.985s] [34mcolcon.colcon_core.shell[0m [1;30mINFO[0m Creating environment descriptor '/home/mustafa/evoart_ws/install/evoart_navigation/share/evoart_navigation/hook/cmake_prefix_path.dsv'
[0.985s] [34mcolcon.colcon_core.shell[0m [1;30mINFO[0m Creating environment hook '/home/mustafa/evoart_ws/install/evoart_navigation/share/evoart_navigation/hook/cmake_prefix_path.sh'
[0.986s] [34mcolcon.colcon_core.environment[0m [1;30mLevel 1[0m checking '/home/mustafa/evoart_ws/install/evoart_navigation/bin'
[0.986s] [34mcolcon.colcon_core.environment[0m [1;30mLevel 1[0m checking '/home/mustafa/evoart_ws/install/evoart_navigation/lib/pkgconfig/evoart_navigation.pc'
[0.986s] [34mcolcon.colcon_core.environment[0m [1;30mLevel 1[0m checking '/home/mustafa/evoart_ws/install/evoart_navigation/lib/python3.10/site-packages'
[0.986s] [34mcolcon.colcon_core.environment[0m [1;30mLevel 1[0m checking '/home/mustafa/evoart_ws/install/evoart_navigation/bin'
[0.987s] [34mcolcon.colcon_core.shell[0m [1;30mINFO[0m Creating package script '/home/mustafa/evoart_ws/install/evoart_navigation/share/evoart_navigation/package.ps1'
[0.987s] [34mcolcon.colcon_core.shell[0m [1;30mINFO[0m Creating package descriptor '/home/mustafa/evoart_ws/install/evoart_navigation/share/evoart_navigation/package.dsv'
[0.987s] [34mcolcon.colcon_core.shell[0m [1;30mINFO[0m Creating package script '/home/mustafa/evoart_ws/install/evoart_navigation/share/evoart_navigation/package.sh'
[0.987s] [34mcolcon.colcon_core.shell[0m [1;30mINFO[0m Creating package script '/home/mustafa/evoart_ws/install/evoart_navigation/share/evoart_navigation/package.bash'
[0.988s] [34mcolcon.colcon_core.shell[0m [1;30mINFO[0m Creating package script '/home/mustafa/evoart_ws/install/evoart_navigation/share/evoart_navigation/package.zsh'
[0.988s] [34mcolcon.colcon_core.environment[0m [1;30mLevel 1[0m create_file_with_runtime_dependencies(/home/mustafa/evoart_ws/install/evoart_navigation/share/colcon-core/packages/evoart_navigation)
[1.019s] [34mcolcon.colcon_core.environment[0m [1;30mLevel 1[0m create_environment_scripts_only(evoart_description)
[1.019s] [34mcolcon.colcon_core.environment[0m [1;30mLevel 1[0m checking '/home/mustafa/evoart_ws/install/evoart_description' for CMake module files
[1.020s] [34mcolcon.colcon_core.event_handler.log_command[0m [1;30mDEBUG[0m [32mInvoked command in '/home/mustafa/evoart_ws/build/evoart_description' returned '0': CMAKE_PREFIX_PATH=${CMAKE_PREFIX_PATH}:/opt/ros/humble /usr/bin/cmake --install /home/mustafa/evoart_ws/build/evoart_description[0m
[1.020s] [34mcolcon.colcon_core.environment[0m [1;30mLevel 1[0m checking '/home/mustafa/evoart_ws/install/evoart_description' for CMake config files
[1.021s] [34mcolcon.colcon_core.shell[0m [1;30mLevel 1[0m create_environment_hook('evoart_description', 'cmake_prefix_path')
[1.021s] [34mcolcon.colcon_core.shell[0m [1;30mINFO[0m Creating environment hook '/home/mustafa/evoart_ws/install/evoart_description/share/evoart_description/hook/cmake_prefix_path.ps1'
[1.021s] [34mcolcon.colcon_core.shell[0m [1;30mINFO[0m Creating environment descriptor '/home/mustafa/evoart_ws/install/evoart_description/share/evoart_description/hook/cmake_prefix_path.dsv'
[1.021s] [34mcolcon.colcon_core.shell[0m [1;30mINFO[0m Creating environment hook '/home/mustafa/evoart_ws/install/evoart_description/share/evoart_description/hook/cmake_prefix_path.sh'
[1.022s] [34mcolcon.colcon_core.environment[0m [1;30mLevel 1[0m checking '/home/mustafa/evoart_ws/install/evoart_description/bin'
[1.022s] [34mcolcon.colcon_core.environment[0m [1;30mLevel 1[0m checking '/home/mustafa/evoart_ws/install/evoart_description/lib/pkgconfig/evoart_description.pc'
[1.022s] [34mcolcon.colcon_core.environment[0m [1;30mLevel 1[0m checking '/home/mustafa/evoart_ws/install/evoart_description/lib/python3.10/site-packages'
[1.022s] [34mcolcon.colcon_core.environment[0m [1;30mLevel 1[0m checking '/home/mustafa/evoart_ws/install/evoart_description/bin'
[1.023s] [34mcolcon.colcon_core.shell[0m [1;30mINFO[0m Creating package script '/home/mustafa/evoart_ws/install/evoart_description/share/evoart_description/package.ps1'
[1.024s] [34mcolcon.colcon_core.shell[0m [1;30mINFO[0m Creating package descriptor '/home/mustafa/evoart_ws/install/evoart_description/share/evoart_description/package.dsv'
[1.024s] [34mcolcon.colcon_core.shell[0m [1;30mINFO[0m Creating package script '/home/mustafa/evoart_ws/install/evoart_description/share/evoart_description/package.sh'
[1.025s] [34mcolcon.colcon_core.shell[0m [1;30mINFO[0m Creating package script '/home/mustafa/evoart_ws/install/evoart_description/share/evoart_description/package.bash'
[1.025s] [34mcolcon.colcon_core.shell[0m [1;30mINFO[0m Creating package script '/home/mustafa/evoart_ws/install/evoart_description/share/evoart_description/package.zsh'
[1.026s] [34mcolcon.colcon_core.environment[0m [1;30mLevel 1[0m create_file_with_runtime_dependencies(/home/mustafa/evoart_ws/install/evoart_description/share/colcon-core/packages/evoart_description)
[1.026s] [34mcolcon.colcon_core.environment[0m [1;30mLevel 1[0m create_environment_scripts_only(evoart_description)
[1.026s] [34mcolcon.colcon_core.environment[0m [1;30mLevel 1[0m checking '/home/mustafa/evoart_ws/install/evoart_description' for CMake module files
[1.027s] [34mcolcon.colcon_core.environment[0m [1;30mLevel 1[0m checking '/home/mustafa/evoart_ws/install/evoart_description' for CMake config files
[1.028s] [34mcolcon.colcon_core.shell[0m [1;30mLevel 1[0m create_environment_hook('evoart_description', 'cmake_prefix_path')
[1.028s] [34mcolcon.colcon_core.shell[0m [1;30mINFO[0m Creating environment hook '/home/mustafa/evoart_ws/install/evoart_description/share/evoart_description/hook/cmake_prefix_path.ps1'
[1.029s] [34mcolcon.colcon_core.shell[0m [1;30mINFO[0m Creating environment descriptor '/home/mustafa/evoart_ws/install/evoart_description/share/evoart_description/hook/cmake_prefix_path.dsv'
[1.029s] [34mcolcon.colcon_core.shell[0m [1;30mINFO[0m Creating environment hook '/home/mustafa/evoart_ws/install/evoart_description/share/evoart_description/hook/cmake_prefix_path.sh'
[1.029s] [34mcolcon.colcon_core.environment[0m [1;30mLevel 1[0m checking '/home/mustafa/evoart_ws/install/evoart_description/bin'
[1.029s] [34mcolcon.colcon_core.environment[0m [1;30mLevel 1[0m checking '/home/mustafa/evoart_ws/install/evoart_description/lib/pkgconfig/evoart_description.pc'
[1.029s] [34mcolcon.colcon_core.environment[0m [1;30mLevel 1[0m checking '/home/mustafa/evoart_ws/install/evoart_description/lib/python3.10/site-packages'
[1.030s] [34mcolcon.colcon_core.environment[0m [1;30mLevel 1[0m checking '/home/mustafa/evoart_ws/install/evoart_description/bin'
[1.030s] [34mcolcon.colcon_core.shell[0m [1;30mINFO[0m Creating package script '/home/mustafa/evoart_ws/install/evoart_description/share/evoart_description/package.ps1'
[1.030s] [34mcolcon.colcon_core.shell[0m [1;30mINFO[0m Creating package descriptor '/home/mustafa/evoart_ws/install/evoart_description/share/evoart_description/package.dsv'
[1.031s] [34mcolcon.colcon_core.shell[0m [1;30mINFO[0m Creating package script '/home/mustafa/evoart_ws/install/evoart_description/share/evoart_description/package.sh'
[1.031s] [34mcolcon.colcon_core.shell[0m [1;30mINFO[0m Creating package script '/home/mustafa/evoart_ws/install/evoart_description/share/evoart_description/package.bash'
[1.031s] [34mcolcon.colcon_core.shell[0m [1;30mINFO[0m Creating package script '/home/mustafa/evoart_ws/install/evoart_description/share/evoart_description/package.zsh'
[1.032s] [34mcolcon.colcon_core.environment[0m [1;30mLevel 1[0m create_file_with_runtime_dependencies(/home/mustafa/evoart_ws/install/evoart_description/share/colcon-core/packages/evoart_description)
[1.032s] [34mcolcon.colcon_ros.task.ament_cmake.build[0m [1;30mINFO[0m Building ROS package in '/home/mustafa/evoart_ws/src/evoart_bringup' with build type 'ament_cmake'
[1.032s] [34mcolcon.colcon_cmake.task.cmake.build[0m [1;30mINFO[0m Building CMake package in '/home/mustafa/evoart_ws/src/evoart_bringup'
[1.032s] [34mcolcon.colcon_core.shell[0m [1;30mINFO[0m Skip shell extension 'powershell' for command environment: Not usable outside of PowerShell
[1.032s] [34mcolcon.colcon_core.shell[0m [1;30mDEBUG[0m [32mSkip shell extension 'dsv' for command environment[0m
[1.043s] [34mcolcon.colcon_core.event_handler.log_command[0m [1;30mDEBUG[0m [32mInvoking command in '/home/mustafa/evoart_ws/build/evoart_bringup': AMENT_PREFIX_PATH=/home/mustafa/evoart_ws/install/evoart_navigation:/home/mustafa/evoart_ws/install/evoart_description:${AMENT_PREFIX_PATH} CMAKE_PREFIX_PATH=/home/mustafa/evoart_ws/install/evoart_control:/home/mustafa/evoart_ws/install/evoart_navigation:/home/mustafa/evoart_ws/install/evoart_interfaces:/home/mustafa/evoart_ws/install/evoart_description:/opt/ros/humble /usr/bin/cmake /home/mustafa/evoart_ws/src/evoart_bringup -DCMAKE_INSTALL_PREFIX=/home/mustafa/evoart_ws/install/evoart_bringup[0m
[1.447s] [34mcolcon.colcon_core.event_handler.log_command[0m [1;30mDEBUG[0m [32mInvoked command in '/home/mustafa/evoart_ws/build/evoart_perception' returned '0': CMAKE_PREFIX_PATH=/home/mustafa/evoart_ws/install/evoart_interfaces:/home/mustafa/evoart_ws/install/evoart_control:/opt/ros/humble /usr/bin/cmake /home/mustafa/evoart_ws/src/evoart_perception -DCMAKE_INSTALL_PREFIX=/home/mustafa/evoart_ws/install/evoart_perception[0m
[1.448s] [34mcolcon.colcon_core.event_handler.log_command[0m [1;30mDEBUG[0m [32mInvoking command in '/home/mustafa/evoart_ws/build/evoart_perception': CMAKE_PREFIX_PATH=/home/mustafa/evoart_ws/install/evoart_interfaces:/home/mustafa/evoart_ws/install/evoart_control:/opt/ros/humble /usr/bin/cmake --build /home/mustafa/evoart_ws/build/evoart_perception -- -j32 -l32[0m
[1.484s] [34mcolcon.colcon_core.event_handler.log_command[0m [1;30mDEBUG[0m [32mInvoked command in '/home/mustafa/evoart_ws/build/evoart_perception' returned '0': CMAKE_PREFIX_PATH=/home/mustafa/evoart_ws/install/evoart_interfaces:/home/mustafa/evoart_ws/install/evoart_control:/opt/ros/humble /usr/bin/cmake --build /home/mustafa/evoart_ws/build/evoart_perception -- -j32 -l32[0m
[1.486s] [34mcolcon.colcon_core.event_handler.log_command[0m [1;30mDEBUG[0m [32mInvoking command in '/home/mustafa/evoart_ws/build/evoart_perception': CMAKE_PREFIX_PATH=/home/mustafa/evoart_ws/install/evoart_interfaces:/home/mustafa/evoart_ws/install/evoart_control:/opt/ros/humble /usr/bin/cmake --install /home/mustafa/evoart_ws/build/evoart_perception[0m
[1.527s] [34mcolcon.colcon_core.environment[0m [1;30mLevel 1[0m create_environment_scripts_only(evoart_perception)
[1.528s] [34mcolcon.colcon_core.environment[0m [1;30mLevel 1[0m checking '/home/mustafa/evoart_ws/install/evoart_perception' for CMake module files
[1.528s] [34mcolcon.colcon_core.event_handler.log_command[0m [1;30mDEBUG[0m [32mInvoked command in '/home/mustafa/evoart_ws/build/evoart_perception' returned '0': CMAKE_PREFIX_PATH=/home/mustafa/evoart_ws/install/evoart_interfaces:/home/mustafa/evoart_ws/install/evoart_control:/opt/ros/humble /usr/bin/cmake --install /home/mustafa/evoart_ws/build/evoart_perception[0m
[1.528s] [34mcolcon.colcon_core.environment[0m [1;30mLevel 1[0m checking '/home/mustafa/evoart_ws/install/evoart_perception' for CMake config files
[1.528s] [34mcolcon.colcon_core.shell[0m [1;30mLevel 1[0m create_environment_hook('evoart_perception', 'cmake_prefix_path')
[1.529s] [34mcolcon.colcon_core.shell[0m [1;30mINFO[0m Creating environment hook '/home/mustafa/evoart_ws/install/evoart_perception/share/evoart_perception/hook/cmake_prefix_path.ps1'
[1.529s] [34mcolcon.colcon_core.shell[0m [1;30mINFO[0m Creating environment descriptor '/home/mustafa/evoart_ws/install/evoart_perception/share/evoart_perception/hook/cmake_prefix_path.dsv'
[1.529s] [34mcolcon.colcon_core.shell[0m [1;30mINFO[0m Creating environment hook '/home/mustafa/evoart_ws/install/evoart_perception/share/evoart_perception/hook/cmake_prefix_path.sh'
[1.530s] [34mcolcon.colcon_core.environment[0m [1;30mLevel 1[0m checking '/home/mustafa/evoart_ws/install/evoart_perception/lib'
[1.530s] [34mcolcon.colcon_core.environment[0m [1;30mLevel 1[0m checking '/home/mustafa/evoart_ws/install/evoart_perception/bin'
[1.530s] [34mcolcon.colcon_core.environment[0m [1;30mLevel 1[0m checking '/home/mustafa/evoart_ws/install/evoart_perception/lib/pkgconfig/evoart_perception.pc'
[1.530s] [34mcolcon.colcon_core.environment[0m [1;30mLevel 1[0m checking '/home/mustafa/evoart_ws/install/evoart_perception/lib/python3.10/site-packages'
[1.530s] [34mcolcon.colcon_core.environment[0m [1;30mLevel 1[0m checking '/home/mustafa/evoart_ws/install/evoart_perception/bin'
[1.530s] [34mcolcon.colcon_core.shell[0m [1;30mINFO[0m Creating package script '/home/mustafa/evoart_ws/install/evoart_perception/share/evoart_perception/package.ps1'
[1.531s] [34mcolcon.colcon_core.shell[0m [1;30mINFO[0m Creating package descriptor '/home/mustafa/evoart_ws/install/evoart_perception/share/evoart_perception/package.dsv'
[1.531s] [34mcolcon.colcon_core.shell[0m [1;30mINFO[0m Creating package script '/home/mustafa/evoart_ws/install/evoart_perception/share/evoart_perception/package.sh'
[1.531s] [34mcolcon.colcon_core.shell[0m [1;30mINFO[0m Creating package script '/home/mustafa/evoart_ws/install/evoart_perception/share/evoart_perception/package.bash'
[1.532s] [34mcolcon.colcon_core.shell[0m [1;30mINFO[0m Creating package script '/home/mustafa/evoart_ws/install/evoart_perception/share/evoart_perception/package.zsh'
[1.532s] [34mcolcon.colcon_core.environment[0m [1;30mLevel 1[0m create_file_with_runtime_dependencies(/home/mustafa/evoart_ws/install/evoart_perception/share/colcon-core/packages/evoart_perception)
[1.533s] [34mcolcon.colcon_core.environment[0m [1;30mLevel 1[0m create_environment_scripts_only(evoart_perception)
[1.533s] [34mcolcon.colcon_core.environment[0m [1;30mLevel 1[0m checking '/home/mustafa/evoart_ws/install/evoart_perception' for CMake module files
[1.533s] [34mcolcon.colcon_core.environment[0m [1;30mLevel 1[0m checking '/home/mustafa/evoart_ws/install/evoart_perception' for CMake config files
[1.533s] [34mcolcon.colcon_core.shell[0m [1;30mLevel 1[0m create_environment_hook('evoart_perception', 'cmake_prefix_path')
[1.534s] [34mcolcon.colcon_core.shell[0m [1;30mINFO[0m Creating environment hook '/home/mustafa/evoart_ws/install/evoart_perception/share/evoart_perception/hook/cmake_prefix_path.ps1'
[1.534s] [34mcolcon.colcon_core.shell[0m [1;30mINFO[0m Creating environment descriptor '/home/mustafa/evoart_ws/install/evoart_perception/share/evoart_perception/hook/cmake_prefix_path.dsv'
[1.534s] [34mcolcon.colcon_core.shell[0m [1;30mINFO[0m Creating environment hook '/home/mustafa/evoart_ws/install/evoart_perception/share/evoart_perception/hook/cmake_prefix_path.sh'
[1.534s] [34mcolcon.colcon_core.environment[0m [1;30mLevel 1[0m checking '/home/mustafa/evoart_ws/install/evoart_perception/lib'
[1.534s] [34mcolcon.colcon_core.environment[0m [1;30mLevel 1[0m checking '/home/mustafa/evoart_ws/install/evoart_perception/bin'
[1.534s] [34mcolcon.colcon_core.environment[0m [1;30mLevel 1[0m checking '/home/mustafa/evoart_ws/install/evoart_perception/lib/pkgconfig/evoart_perception.pc'
[1.535s] [34mcolcon.colcon_core.environment[0m [1;30mLevel 1[0m checking '/home/mustafa/evoart_ws/install/evoart_perception/lib/python3.10/site-packages'
[1.535s] [34mcolcon.colcon_core.environment[0m [1;30mLevel 1[0m checking '/home/mustafa/evoart_ws/install/evoart_perception/bin'
[1.535s] [34mcolcon.colcon_core.shell[0m [1;30mINFO[0m Creating package script '/home/mustafa/evoart_ws/install/evoart_perception/share/evoart_perception/package.ps1'
[1.535s] [34mcolcon.colcon_core.shell[0m [1;30mINFO[0m Creating package descriptor '/home/mustafa/evoart_ws/install/evoart_perception/share/evoart_perception/package.dsv'
[1.536s] [34mcolcon.colcon_core.shell[0m [1;30mINFO[0m Creating package script '/home/mustafa/evoart_ws/install/evoart_perception/share/evoart_perception/package.sh'
[1.536s] [34mcolcon.colcon_core.shell[0m [1;30mINFO[0m Creating package script '/home/mustafa/evoart_ws/install/evoart_perception/share/evoart_perception/package.bash'
[1.537s] [34mcolcon.colcon_core.shell[0m [1;30mINFO[0m Creating package script '/home/mustafa/evoart_ws/install/evoart_perception/share/evoart_perception/package.zsh'
[1.537s] [34mcolcon.colcon_core.environment[0m [1;30mLevel 1[0m create_file_with_runtime_dependencies(/home/mustafa/evoart_ws/install/evoart_perception/share/colcon-core/packages/evoart_perception)
[1.578s] [34mcolcon.colcon_core.event_handler.log_command[0m [1;30mDEBUG[0m [32mInvoked command in '/home/mustafa/evoart_ws/build/velodyne_laserscan' returned '0': CMAKE_PREFIX_PATH=${CMAKE_PREFIX_PATH}:/opt/ros/humble /usr/bin/cmake /home/mustafa/evoart_ws/src/velodyne/velodyne_laserscan -DCMAKE_INSTALL_PREFIX=/home/mustafa/evoart_ws/install/velodyne_laserscan[0m
[1.579s] [34mcolcon.colcon_core.event_handler.log_command[0m [1;30mDEBUG[0m [32mInvoking command in '/home/mustafa/evoart_ws/build/velodyne_laserscan': CMAKE_PREFIX_PATH=${CMAKE_PREFIX_PATH}:/opt/ros/humble /usr/bin/cmake --build /home/mustafa/evoart_ws/build/velodyne_laserscan -- -j32 -l32[0m
[1.602s] [34mcolcon.colcon_core.event_handler.log_command[0m [1;30mDEBUG[0m [32mInvoked command in '/home/mustafa/evoart_ws/build/evoart_bringup' returned '0': AMENT_PREFIX_PATH=/home/mustafa/evoart_ws/install/evoart_navigation:/home/mustafa/evoart_ws/install/evoart_description:${AMENT_PREFIX_PATH} CMAKE_PREFIX_PATH=/home/mustafa/evoart_ws/install/evoart_control:/home/mustafa/evoart_ws/install/evoart_navigation:/home/mustafa/evoart_ws/install/evoart_interfaces:/home/mustafa/evoart_ws/install/evoart_description:/opt/ros/humble /usr/bin/cmake /home/mustafa/evoart_ws/src/evoart_bringup -DCMAKE_INSTALL_PREFIX=/home/mustafa/evoart_ws/install/evoart_bringup[0m
[1.604s] [34mcolcon.colcon_core.event_handler.log_command[0m [1;30mDEBUG[0m [32mInvoking command in '/home/mustafa/evoart_ws/build/evoart_bringup': AMENT_PREFIX_PATH=/home/mustafa/evoart_ws/install/evoart_navigation:/home/mustafa/evoart_ws/install/evoart_description:${AMENT_PREFIX_PATH} CMAKE_PREFIX_PATH=/home/mustafa/evoart_ws/install/evoart_control:/home/mustafa/evoart_ws/install/evoart_navigation:/home/mustafa/evoart_ws/install/evoart_interfaces:/home/mustafa/evoart_ws/install/evoart_description:/opt/ros/humble /usr/bin/cmake --build /home/mustafa/evoart_ws/build/evoart_bringup -- -j32 -l32[0m
[1.638s] [34mcolcon.colcon_core.event_handler.log_command[0m [1;30mDEBUG[0m [32mInvoked command in '/home/mustafa/evoart_ws/build/evoart_bringup' returned '0': AMENT_PREFIX_PATH=/home/mustafa/evoart_ws/install/evoart_navigation:/home/mustafa/evoart_ws/install/evoart_description:${AMENT_PREFIX_PATH} CMAKE_PREFIX_PATH=/home/mustafa/evoart_ws/install/evoart_control:/home/mustafa/evoart_ws/install/evoart_navigation:/home/mustafa/evoart_ws/install/evoart_interfaces:/home/mustafa/evoart_ws/install/evoart_description:/opt/ros/humble /usr/bin/cmake --build /home/mustafa/evoart_ws/build/evoart_bringup -- -j32 -l32[0m
[1.640s] [34mcolcon.colcon_core.event_handler.log_command[0m [1;30mDEBUG[0m [32mInvoking command in '/home/mustafa/evoart_ws/build/evoart_bringup': AMENT_PREFIX_PATH=/home/mustafa/evoart_ws/install/evoart_navigation:/home/mustafa/evoart_ws/install/evoart_description:${AMENT_PREFIX_PATH} CMAKE_PREFIX_PATH=/home/mustafa/evoart_ws/install/evoart_control:/home/mustafa/evoart_ws/install/evoart_navigation:/home/mustafa/evoart_ws/install/evoart_interfaces:/home/mustafa/evoart_ws/install/evoart_description:/opt/ros/humble /usr/bin/cmake --install /home/mustafa/evoart_ws/build/evoart_bringup[0m
[1.649s] [34mcolcon.colcon_core.environment[0m [1;30mLevel 1[0m create_environment_scripts_only(evoart_bringup)
[1.649s] [34mcolcon.colcon_core.event_handler.log_command[0m [1;30mDEBUG[0m [32mInvoked command in '/home/mustafa/evoart_ws/build/evoart_bringup' returned '0': AMENT_PREFIX_PATH=/home/mustafa/evoart_ws/install/evoart_navigation:/home/mustafa/evoart_ws/install/evoart_description:${AMENT_PREFIX_PATH} CMAKE_PREFIX_PATH=/home/mustafa/evoart_ws/install/evoart_control:/home/mustafa/evoart_ws/install/evoart_navigation:/home/mustafa/evoart_ws/install/evoart_interfaces:/home/mustafa/evoart_ws/install/evoart_description:/opt/ros/humble /usr/bin/cmake --install /home/mustafa/evoart_ws/build/evoart_bringup[0m
[1.650s] [34mcolcon.colcon_core.environment[0m [1;30mLevel 1[0m checking '/home/mustafa/evoart_ws/install/evoart_bringup' for CMake module files
[1.650s] [34mcolcon.colcon_core.environment[0m [1;30mLevel 1[0m checking '/home/mustafa/evoart_ws/install/evoart_bringup' for CMake config files
[1.650s] [34mcolcon.colcon_core.shell[0m [1;30mLevel 1[0m create_environment_hook('evoart_bringup', 'cmake_prefix_path')
[1.650s] [34mcolcon.colcon_core.shell[0m [1;30mINFO[0m Creating environment hook '/home/mustafa/evoart_ws/install/evoart_bringup/share/evoart_bringup/hook/cmake_prefix_path.ps1'
[1.651s] [34mcolcon.colcon_core.shell[0m [1;30mINFO[0m Creating environment descriptor '/home/mustafa/evoart_ws/install/evoart_bringup/share/evoart_bringup/hook/cmake_prefix_path.dsv'
[1.651s] [34mcolcon.colcon_core.shell[0m [1;30mINFO[0m Creating environment hook '/home/mustafa/evoart_ws/install/evoart_bringup/share/evoart_bringup/hook/cmake_prefix_path.sh'
[1.651s] [34mcolcon.colcon_core.environment[0m [1;30mLevel 1[0m checking '/home/mustafa/evoart_ws/install/evoart_bringup/bin'
[1.651s] [34mcolcon.colcon_core.environment[0m [1;30mLevel 1[0m checking '/home/mustafa/evoart_ws/install/evoart_bringup/lib/pkgconfig/evoart_bringup.pc'
[1.651s] [34mcolcon.colcon_core.environment[0m [1;30mLevel 1[0m checking '/home/mustafa/evoart_ws/install/evoart_bringup/lib/python3.10/site-packages'
[1.652s] [34mcolcon.colcon_core.environment[0m [1;30mLevel 1[0m checking '/home/mustafa/evoart_ws/install/evoart_bringup/bin'
[1.652s] [34mcolcon.colcon_core.shell[0m [1;30mINFO[0m Creating package script '/home/mustafa/evoart_ws/install/evoart_bringup/share/evoart_bringup/package.ps1'
[1.652s] [34mcolcon.colcon_core.shell[0m [1;30mINFO[0m Creating package descriptor '/home/mustafa/evoart_ws/install/evoart_bringup/share/evoart_bringup/package.dsv'
[1.653s] [34mcolcon.colcon_core.shell[0m [1;30mINFO[0m Creating package script '/home/mustafa/evoart_ws/install/evoart_bringup/share/evoart_bringup/package.sh'
[1.653s] [34mcolcon.colcon_core.shell[0m [1;30mINFO[0m Creating package script '/home/mustafa/evoart_ws/install/evoart_bringup/share/evoart_bringup/package.bash'
[1.653s] [34mcolcon.colcon_core.shell[0m [1;30mINFO[0m Creating package script '/home/mustafa/evoart_ws/install/evoart_bringup/share/evoart_bringup/package.zsh'
[1.653s] [34mcolcon.colcon_core.environment[0m [1;30mLevel 1[0m create_file_with_runtime_dependencies(/home/mustafa/evoart_ws/install/evoart_bringup/share/colcon-core/packages/evoart_bringup)
[1.654s] [34mcolcon.colcon_core.environment[0m [1;30mLevel 1[0m create_environment_scripts_only(evoart_bringup)
[1.654s] [34mcolcon.colcon_core.environment[0m [1;30mLevel 1[0m checking '/home/mustafa/evoart_ws/install/evoart_bringup' for CMake module files
[1.654s] [34mcolcon.colcon_core.environment[0m [1;30mLevel 1[0m checking '/home/mustafa/evoart_ws/install/evoart_bringup' for CMake config files
[1.655s] [34mcolcon.colcon_core.shell[0m [1;30mLevel 1[0m create_environment_hook('evoart_bringup', 'cmake_prefix_path')
[1.655s] [34mcolcon.colcon_core.shell[0m [1;30mINFO[0m Creating environment hook '/home/mustafa/evoart_ws/install/evoart_bringup/share/evoart_bringup/hook/cmake_prefix_path.ps1'
[1.655s] [34mcolcon.colcon_core.shell[0m [1;30mINFO[0m Creating environment descriptor '/home/mustafa/evoart_ws/install/evoart_bringup/share/evoart_bringup/hook/cmake_prefix_path.dsv'
[1.655s] [34mcolcon.colcon_core.shell[0m [1;30mINFO[0m Creating environment hook '/home/mustafa/evoart_ws/install/evoart_bringup/share/evoart_bringup/hook/cmake_prefix_path.sh'
[1.656s] [34mcolcon.colcon_core.environment[0m [1;30mLevel 1[0m checking '/home/mustafa/evoart_ws/install/evoart_bringup/bin'
[1.656s] [34mcolcon.colcon_core.environment[0m [1;30mLevel 1[0m checking '/home/mustafa/evoart_ws/install/evoart_bringup/lib/pkgconfig/evoart_bringup.pc'
[1.656s] [34mcolcon.colcon_core.environment[0m [1;30mLevel 1[0m checking '/home/mustafa/evoart_ws/install/evoart_bringup/lib/python3.10/site-packages'
[1.656s] [34mcolcon.colcon_core.environment[0m [1;30mLevel 1[0m checking '/home/mustafa/evoart_ws/install/evoart_bringup/bin'
[1.656s] [34mcolcon.colcon_core.shell[0m [1;30mINFO[0m Creating package script '/home/mustafa/evoart_ws/install/evoart_bringup/share/evoart_bringup/package.ps1'
[1.657s] [34mcolcon.colcon_core.shell[0m [1;30mINFO[0m Creating package descriptor '/home/mustafa/evoart_ws/install/evoart_bringup/share/evoart_bringup/package.dsv'
[1.657s] [34mcolcon.colcon_core.shell[0m [1;30mINFO[0m Creating package script '/home/mustafa/evoart_ws/install/evoart_bringup/share/evoart_bringup/package.sh'
[1.657s] [34mcolcon.colcon_core.shell[0m [1;30mINFO[0m Creating package script '/home/mustafa/evoart_ws/install/evoart_bringup/share/evoart_bringup/package.bash'
[1.658s] [34mcolcon.colcon_core.shell[0m [1;30mINFO[0m Creating package script '/home/mustafa/evoart_ws/install/evoart_bringup/share/evoart_bringup/package.zsh'
[1.658s] [34mcolcon.colcon_core.environment[0m [1;30mLevel 1[0m create_file_with_runtime_dependencies(/home/mustafa/evoart_ws/install/evoart_bringup/share/colcon-core/packages/evoart_bringup)
[1.904s] [34mcolcon.colcon_core.event_handler.log_command[0m [1;30mDEBUG[0m [32mInvoked command in '/home/mustafa/evoart_ws/build/velodyne_msgs' returned '0': CMAKE_PREFIX_PATH=${CMAKE_PREFIX_PATH}:/opt/ros/humble /usr/bin/cmake /home/mustafa/evoart_ws/src/velodyne/velodyne_msgs -DCMAKE_INSTALL_PREFIX=/home/mustafa/evoart_ws/install/velodyne_msgs[0m
[1.905s] [34mcolcon.colcon_core.event_handler.log_command[0m [1;30mDEBUG[0m [32mInvoking command in '/home/mustafa/evoart_ws/build/velodyne_msgs': CMAKE_PREFIX_PATH=${CMAKE_PREFIX_PATH}:/opt/ros/humble /usr/bin/cmake --build /home/mustafa/evoart_ws/build/velodyne_msgs -- -j32 -l32[0m
[1.961s] [34mcolcon.colcon_core.event_handler.log_command[0m [1;30mDEBUG[0m [32mInvoked command in '/home/mustafa/evoart_ws/build/evoart_behavior' returned '0': CMAKE_PREFIX_PATH=/home/mustafa/evoart_ws/install/evoart_interfaces:/home/mustafa/evoart_ws/install/evoart_control:/opt/ros/humble /usr/bin/cmake /home/mustafa/evoart_ws/src/evoart_behavior -DCMAKE_INSTALL_PREFIX=/home/mustafa/evoart_ws/install/evoart_behavior[0m
[1.962s] [34mcolcon.colcon_core.event_handler.log_command[0m [1;30mDEBUG[0m [32mInvoking command in '/home/mustafa/evoart_ws/build/evoart_behavior': CMAKE_PREFIX_PATH=/home/mustafa/evoart_ws/install/evoart_interfaces:/home/mustafa/evoart_ws/install/evoart_control:/opt/ros/humble /usr/bin/cmake --build /home/mustafa/evoart_ws/build/evoart_behavior -- -j32 -l32[0m
[2.411s] [34mcolcon.colcon_core.event_handler.log_command[0m [1;30mDEBUG[0m [32mInvoked command in '/home/mustafa/evoart_ws/build/zed_components' returned '0': CMAKE_PREFIX_PATH=${CMAKE_PREFIX_PATH}:/opt/ros/humble /usr/bin/cmake /home/mustafa/evoart_ws/src/zed-ros2-wrapper/zed_components -DCMAKE_INSTALL_PREFIX=/home/mustafa/evoart_ws/install/zed_components[0m
[2.413s] [34mcolcon.colcon_core.event_handler.log_command[0m [1;30mDEBUG[0m [32mInvoking command in '/home/mustafa/evoart_ws/build/zed_components': CMAKE_PREFIX_PATH=${CMAKE_PREFIX_PATH}:/opt/ros/humble /usr/bin/cmake --build /home/mustafa/evoart_ws/build/zed_components -- -j32 -l32[0m
[4.794s] [34mcolcon.colcon_core.event_handler.log_command[0m [1;30mDEBUG[0m [32mInvoked command in '/home/mustafa/evoart_ws/build/velodyne_msgs' returned '0': CMAKE_PREFIX_PATH=${CMAKE_PREFIX_PATH}:/opt/ros/humble /usr/bin/cmake --build /home/mustafa/evoart_ws/build/velodyne_msgs -- -j32 -l32[0m
[4.797s] [34mcolcon.colcon_core.event_handler.log_command[0m [1;30mDEBUG[0m [32mInvoking command in '/home/mustafa/evoart_ws/build/velodyne_msgs': CMAKE_PREFIX_PATH=${CMAKE_PREFIX_PATH}:/opt/ros/humble /usr/bin/cmake --install /home/mustafa/evoart_ws/build/velodyne_msgs[0m
[4.904s] [34mcolcon.colcon_core.environment[0m [1;30mLevel 1[0m create_environment_scripts_only(velodyne_msgs)
[4.905s] [34mcolcon.colcon_core.environment[0m [1;30mLevel 1[0m checking '/home/mustafa/evoart_ws/install/velodyne_msgs' for CMake module files
[4.906s] [34mcolcon.colcon_core.event_handler.log_command[0m [1;30mDEBUG[0m [32mInvoked command in '/home/mustafa/evoart_ws/build/velodyne_msgs' returned '0': CMAKE_PREFIX_PATH=${CMAKE_PREFIX_PATH}:/opt/ros/humble /usr/bin/cmake --install /home/mustafa/evoart_ws/build/velodyne_msgs[0m
[4.907s] [34mcolcon.colcon_core.environment[0m [1;30mLevel 1[0m checking '/home/mustafa/evoart_ws/install/velodyne_msgs' for CMake config files
[4.908s] [34mcolcon.colcon_core.shell[0m [1;30mLevel 1[0m create_environment_hook('velodyne_msgs', 'cmake_prefix_path')
[4.909s] [34mcolcon.colcon_core.shell[0m [1;30mINFO[0m Creating environment hook '/home/mustafa/evoart_ws/install/velodyne_msgs/share/velodyne_msgs/hook/cmake_prefix_path.ps1'
[4.909s] [34mcolcon.colcon_core.shell[0m [1;30mINFO[0m Creating environment descriptor '/home/mustafa/evoart_ws/install/velodyne_msgs/share/velodyne_msgs/hook/cmake_prefix_path.dsv'
[4.910s] [34mcolcon.colcon_core.shell[0m [1;30mINFO[0m Creating environment hook '/home/mustafa/evoart_ws/install/velodyne_msgs/share/velodyne_msgs/hook/cmake_prefix_path.sh'
[4.911s] [34mcolcon.colcon_core.environment[0m [1;30mLevel 1[0m checking '/home/mustafa/evoart_ws/install/velodyne_msgs/lib'
[4.911s] [34mcolcon.colcon_core.shell[0m [1;30mLevel 1[0m create_environment_hook('velodyne_msgs', 'ld_library_path_lib')
[4.911s] [34mcolcon.colcon_core.shell[0m [1;30mINFO[0m Creating environment hook '/home/mustafa/evoart_ws/install/velodyne_msgs/share/velodyne_msgs/hook/ld_library_path_lib.ps1'
[4.911s] [34mcolcon.colcon_core.shell[0m [1;30mINFO[0m Creating environment descriptor '/home/mustafa/evoart_ws/install/velodyne_msgs/share/velodyne_msgs/hook/ld_library_path_lib.dsv'
[4.912s] [34mcolcon.colcon_core.shell[0m [1;30mINFO[0m Creating environment hook '/home/mustafa/evoart_ws/install/velodyne_msgs/share/velodyne_msgs/hook/ld_library_path_lib.sh'
[4.912s] [34mcolcon.colcon_core.environment[0m [1;30mLevel 1[0m checking '/home/mustafa/evoart_ws/install/velodyne_msgs/bin'
[4.912s] [34mcolcon.colcon_core.environment[0m [1;30mLevel 1[0m checking '/home/mustafa/evoart_ws/install/velodyne_msgs/lib/pkgconfig/velodyne_msgs.pc'
[4.912s] [34mcolcon.colcon_core.environment[0m [1;30mLevel 1[0m checking '/home/mustafa/evoart_ws/install/velodyne_msgs/lib/python3.10/site-packages'
[4.913s] [34mcolcon.colcon_core.environment[0m [1;30mLevel 1[0m checking '/home/mustafa/evoart_ws/install/velodyne_msgs/bin'
[4.913s] [34mcolcon.colcon_core.shell[0m [1;30mINFO[0m Creating package script '/home/mustafa/evoart_ws/install/velodyne_msgs/share/velodyne_msgs/package.ps1'
[4.914s] [34mcolcon.colcon_core.shell[0m [1;30mINFO[0m Creating package descriptor '/home/mustafa/evoart_ws/install/velodyne_msgs/share/velodyne_msgs/package.dsv'
[4.914s] [34mcolcon.colcon_core.shell[0m [1;30mINFO[0m Creating package script '/home/mustafa/evoart_ws/install/velodyne_msgs/share/velodyne_msgs/package.sh'
[4.914s] [34mcolcon.colcon_core.shell[0m [1;30mINFO[0m Creating package script '/home/mustafa/evoart_ws/install/velodyne_msgs/share/velodyne_msgs/package.bash'
[4.915s] [34mcolcon.colcon_core.shell[0m [1;30mINFO[0m Creating package script '/home/mustafa/evoart_ws/install/velodyne_msgs/share/velodyne_msgs/package.zsh'
[4.915s] [34mcolcon.colcon_core.environment[0m [1;30mLevel 1[0m create_file_with_runtime_dependencies(/home/mustafa/evoart_ws/install/velodyne_msgs/share/colcon-core/packages/velodyne_msgs)
[4.916s] [34mcolcon.colcon_core.environment[0m [1;30mLevel 1[0m create_environment_scripts_only(velodyne_msgs)
[4.916s] [34mcolcon.colcon_core.environment[0m [1;30mLevel 1[0m checking '/home/mustafa/evoart_ws/install/velodyne_msgs' for CMake module files
[4.917s] [34mcolcon.colcon_core.environment[0m [1;30mLevel 1[0m checking '/home/mustafa/evoart_ws/install/velodyne_msgs' for CMake config files
[4.917s] [34mcolcon.colcon_core.shell[0m [1;30mLevel 1[0m create_environment_hook('velodyne_msgs', 'cmake_prefix_path')
[4.918s] [34mcolcon.colcon_core.shell[0m [1;30mINFO[0m Creating environment hook '/home/mustafa/evoart_ws/install/velodyne_msgs/share/velodyne_msgs/hook/cmake_prefix_path.ps1'
[4.918s] [34mcolcon.colcon_core.shell[0m [1;30mINFO[0m Creating environment descriptor '/home/mustafa/evoart_ws/install/velodyne_msgs/share/velodyne_msgs/hook/cmake_prefix_path.dsv'
[4.918s] [34mcolcon.colcon_core.shell[0m [1;30mINFO[0m Creating environment hook '/home/mustafa/evoart_ws/install/velodyne_msgs/share/velodyne_msgs/hook/cmake_prefix_path.sh'
[4.919s] [34mcolcon.colcon_core.environment[0m [1;30mLevel 1[0m checking '/home/mustafa/evoart_ws/install/velodyne_msgs/lib'
[4.919s] [34mcolcon.colcon_core.shell[0m [1;30mLevel 1[0m create_environment_hook('velodyne_msgs', 'ld_library_path_lib')
[4.919s] [34mcolcon.colcon_core.shell[0m [1;30mINFO[0m Creating environment hook '/home/mustafa/evoart_ws/install/velodyne_msgs/share/velodyne_msgs/hook/ld_library_path_lib.ps1'
[4.920s] [34mcolcon.colcon_core.shell[0m [1;30mINFO[0m Creating environment descriptor '/home/mustafa/evoart_ws/install/velodyne_msgs/share/velodyne_msgs/hook/ld_library_path_lib.dsv'
[4.920s] [34mcolcon.colcon_core.shell[0m [1;30mINFO[0m Creating environment hook '/home/mustafa/evoart_ws/install/velodyne_msgs/share/velodyne_msgs/hook/ld_library_path_lib.sh'
[4.920s] [34mcolcon.colcon_core.environment[0m [1;30mLevel 1[0m checking '/home/mustafa/evoart_ws/install/velodyne_msgs/bin'
[4.920s] [34mcolcon.colcon_core.environment[0m [1;30mLevel 1[0m checking '/home/mustafa/evoart_ws/install/velodyne_msgs/lib/pkgconfig/velodyne_msgs.pc'
[4.920s] [34mcolcon.colcon_core.environment[0m [1;30mLevel 1[0m checking '/home/mustafa/evoart_ws/install/velodyne_msgs/lib/python3.10/site-packages'
[4.921s] [34mcolcon.colcon_core.environment[0m [1;30mLevel 1[0m checking '/home/mustafa/evoart_ws/install/velodyne_msgs/bin'
[4.921s] [34mcolcon.colcon_core.shell[0m [1;30mINFO[0m Creating package script '/home/mustafa/evoart_ws/install/velodyne_msgs/share/velodyne_msgs/package.ps1'
[4.922s] [34mcolcon.colcon_core.shell[0m [1;30mINFO[0m Creating package descriptor '/home/mustafa/evoart_ws/install/velodyne_msgs/share/velodyne_msgs/package.dsv'
[4.922s] [34mcolcon.colcon_core.shell[0m [1;30mINFO[0m Creating package script '/home/mustafa/evoart_ws/install/velodyne_msgs/share/velodyne_msgs/package.sh'
[4.923s] [34mcolcon.colcon_core.shell[0m [1;30mINFO[0m Creating package script '/home/mustafa/evoart_ws/install/velodyne_msgs/share/velodyne_msgs/package.bash'
[4.923s] [34mcolcon.colcon_core.shell[0m [1;30mINFO[0m Creating package script '/home/mustafa/evoart_ws/install/velodyne_msgs/share/velodyne_msgs/package.zsh'
[4.923s] [34mcolcon.colcon_core.environment[0m [1;30mLevel 1[0m create_file_with_runtime_dependencies(/home/mustafa/evoart_ws/install/velodyne_msgs/share/colcon-core/packages/velodyne_msgs)
[4.924s] [34mcolcon.colcon_ros.task.ament_cmake.build[0m [1;30mINFO[0m Building ROS package in '/home/mustafa/evoart_ws/src/velodyne/velodyne_driver' with build type 'ament_cmake'
[4.924s] [34mcolcon.colcon_cmake.task.cmake.build[0m [1;30mINFO[0m Building CMake package in '/home/mustafa/evoart_ws/src/velodyne/velodyne_driver'
[4.924s] [34mcolcon.colcon_core.shell[0m [1;30mINFO[0m Skip shell extension 'powershell' for command environment: Not usable outside of PowerShell
[4.924s] [34mcolcon.colcon_core.shell[0m [1;30mDEBUG[0m [32mSkip shell extension 'dsv' for command environment[0m
[4.931s] [34mcolcon.colcon_ros.task.ament_cmake.build[0m [1;30mINFO[0m Building ROS package in '/home/mustafa/evoart_ws/src/velodyne/velodyne_pointcloud' with build type 'ament_cmake'
[4.931s] [34mcolcon.colcon_cmake.task.cmake.build[0m [1;30mINFO[0m Building CMake package in '/home/mustafa/evoart_ws/src/velodyne/velodyne_pointcloud'
[4.932s] [34mcolcon.colcon_core.shell[0m [1;30mINFO[0m Skip shell extension 'powershell' for command environment: Not usable outside of PowerShell
[4.932s] [34mcolcon.colcon_core.shell[0m [1;30mDEBUG[0m [32mSkip shell extension 'dsv' for command environment[0m
[4.946s] [34mcolcon.colcon_core.event_handler.log_command[0m [1;30mDEBUG[0m [32mInvoking command in '/home/mustafa/evoart_ws/build/velodyne_driver': AMENT_PREFIX_PATH=/home/mustafa/evoart_ws/install/velodyne_msgs:${AMENT_PREFIX_PATH} CMAKE_PREFIX_PATH=/home/mustafa/evoart_ws/install/velodyne_msgs:/home/mustafa/evoart_ws/install/evoart_control:/home/mustafa/evoart_ws/install/evoart_interfaces:/opt/ros/humble LD_LIBRARY_PATH=/home/mustafa/evoart_ws/install/velodyne_msgs/lib:${LD_LIBRARY_PATH} PYTHONPATH=/home/mustafa/evoart_ws/install/velodyne_msgs/local/lib/python3.10/dist-packages:${PYTHONPATH} /usr/bin/cmake /home/mustafa/evoart_ws/src/velodyne/velodyne_driver -DCMAKE_INSTALL_PREFIX=/home/mustafa/evoart_ws/install/velodyne_driver[0m
[4.951s] [34mcolcon.colcon_core.event_handler.log_command[0m [1;30mDEBUG[0m [32mInvoking command in '/home/mustafa/evoart_ws/build/velodyne_pointcloud': AMENT_PREFIX_PATH=/home/mustafa/evoart_ws/install/velodyne_msgs:${AMENT_PREFIX_PATH} CMAKE_PREFIX_PATH=/home/mustafa/evoart_ws/install/velodyne_msgs:/home/mustafa/evoart_ws/install/evoart_control:/home/mustafa/evoart_ws/install/evoart_interfaces:/opt/ros/humble LD_LIBRARY_PATH=/home/mustafa/evoart_ws/install/velodyne_msgs/lib:${LD_LIBRARY_PATH} PYTHONPATH=/home/mustafa/evoart_ws/install/velodyne_msgs/local/lib/python3.10/dist-packages:${PYTHONPATH} /usr/bin/cmake /home/mustafa/evoart_ws/src/velodyne/velodyne_pointcloud -DCMAKE_INSTALL_PREFIX=/home/mustafa/evoart_ws/install/velodyne_pointcloud[0m
[7.176s] [34mcolcon.colcon_core.event_handler.log_command[0m [1;30mDEBUG[0m [32mInvoked command in '/home/mustafa/evoart_ws/build/velodyne_driver' returned '0': AMENT_PREFIX_PATH=/home/mustafa/evoart_ws/install/velodyne_msgs:${AMENT_PREFIX_PATH} CMAKE_PREFIX_PATH=/home/mustafa/evoart_ws/install/velodyne_msgs:/home/mustafa/evoart_ws/install/evoart_control:/home/mustafa/evoart_ws/install/evoart_interfaces:/opt/ros/humble LD_LIBRARY_PATH=/home/mustafa/evoart_ws/install/velodyne_msgs/lib:${LD_LIBRARY_PATH} PYTHONPATH=/home/mustafa/evoart_ws/install/velodyne_msgs/local/lib/python3.10/dist-packages:${PYTHONPATH} /usr/bin/cmake /home/mustafa/evoart_ws/src/velodyne/velodyne_driver -DCMAKE_INSTALL_PREFIX=/home/mustafa/evoart_ws/install/velodyne_driver[0m
[7.179s] [34mcolcon.colcon_core.event_handler.log_command[0m [1;30mDEBUG[0m [32mInvoking command in '/home/mustafa/evoart_ws/build/velodyne_driver': AMENT_PREFIX_PATH=/home/mustafa/evoart_ws/install/velodyne_msgs:${AMENT_PREFIX_PATH} CMAKE_PREFIX_PATH=/home/mustafa/evoart_ws/install/velodyne_msgs:/home/mustafa/evoart_ws/install/evoart_control:/home/mustafa/evoart_ws/install/evoart_interfaces:/opt/ros/humble LD_LIBRARY_PATH=/home/mustafa/evoart_ws/install/velodyne_msgs/lib:${LD_LIBRARY_PATH} PYTHONPATH=/home/mustafa/evoart_ws/install/velodyne_msgs/local/lib/python3.10/dist-packages:${PYTHONPATH} /usr/bin/cmake --build /home/mustafa/evoart_ws/build/velodyne_driver -- -j32 -l32[0m
[7.570s] [34mcolcon.colcon_core.event_handler.log_command[0m [1;30mDEBUG[0m [32mInvoked command in '/home/mustafa/evoart_ws/build/velodyne_pointcloud' returned '0': AMENT_PREFIX_PATH=/home/mustafa/evoart_ws/install/velodyne_msgs:${AMENT_PREFIX_PATH} CMAKE_PREFIX_PATH=/home/mustafa/evoart_ws/install/velodyne_msgs:/home/mustafa/evoart_ws/install/evoart_control:/home/mustafa/evoart_ws/install/evoart_interfaces:/opt/ros/humble LD_LIBRARY_PATH=/home/mustafa/evoart_ws/install/velodyne_msgs/lib:${LD_LIBRARY_PATH} PYTHONPATH=/home/mustafa/evoart_ws/install/velodyne_msgs/local/lib/python3.10/dist-packages:${PYTHONPATH} /usr/bin/cmake /home/mustafa/evoart_ws/src/velodyne/velodyne_pointcloud -DCMAKE_INSTALL_PREFIX=/home/mustafa/evoart_ws/install/velodyne_pointcloud[0m
[7.573s] [34mcolcon.colcon_core.event_handler.log_command[0m [1;30mDEBUG[0m [32mInvoking command in '/home/mustafa/evoart_ws/build/velodyne_pointcloud': AMENT_PREFIX_PATH=/home/mustafa/evoart_ws/install/velodyne_msgs:${AMENT_PREFIX_PATH} CMAKE_PREFIX_PATH=/home/mustafa/evoart_ws/install/velodyne_msgs:/home/mustafa/evoart_ws/install/evoart_control:/home/mustafa/evoart_ws/install/evoart_interfaces:/opt/ros/humble LD_LIBRARY_PATH=/home/mustafa/evoart_ws/install/velodyne_msgs/lib:${LD_LIBRARY_PATH} PYTHONPATH=/home/mustafa/evoart_ws/install/velodyne_msgs/local/lib/python3.10/dist-packages:${PYTHONPATH} /usr/bin/cmake --build /home/mustafa/evoart_ws/build/velodyne_pointcloud -- -j32 -l32[0m
[13.301s] [34mcolcon.colcon_core.event_handler.log_command[0m [1;30mDEBUG[0m [32mInvoked command in '/home/mustafa/evoart_ws/build/evoart_behavior' returned '0': CMAKE_PREFIX_PATH=/home/mustafa/evoart_ws/install/evoart_interfaces:/home/mustafa/evoart_ws/install/evoart_control:/opt/ros/humble /usr/bin/cmake --build /home/mustafa/evoart_ws/build/evoart_behavior -- -j32 -l32[0m
[13.303s] [34mcolcon.colcon_core.event_handler.log_command[0m [1;30mDEBUG[0m [32mInvoking command in '/home/mustafa/evoart_ws/build/evoart_behavior': CMAKE_PREFIX_PATH=/home/mustafa/evoart_ws/install/evoart_interfaces:/home/mustafa/evoart_ws/install/evoart_control:/opt/ros/humble /usr/bin/cmake --install /home/mustafa/evoart_ws/build/evoart_behavior[0m
[13.328s] [34mcolcon.colcon_core.environment[0m [1;30mLevel 1[0m create_environment_scripts_only(evoart_behavior)
[13.328s] [34mcolcon.colcon_core.environment[0m [1;30mLevel 1[0m checking '/home/mustafa/evoart_ws/install/evoart_behavior' for CMake module files
[13.329s] [34mcolcon.colcon_core.event_handler.log_command[0m [1;30mDEBUG[0m [32mInvoked command in '/home/mustafa/evoart_ws/build/evoart_behavior' returned '0': CMAKE_PREFIX_PATH=/home/mustafa/evoart_ws/install/evoart_interfaces:/home/mustafa/evoart_ws/install/evoart_control:/opt/ros/humble /usr/bin/cmake --install /home/mustafa/evoart_ws/build/evoart_behavior[0m
[13.329s] [34mcolcon.colcon_core.environment[0m [1;30mLevel 1[0m checking '/home/mustafa/evoart_ws/install/evoart_behavior' for CMake config files
[13.330s] [34mcolcon.colcon_core.shell[0m [1;30mLevel 1[0m create_environment_hook('evoart_behavior', 'cmake_prefix_path')
[13.330s] [34mcolcon.colcon_core.shell[0m [1;30mINFO[0m Creating environment hook '/home/mustafa/evoart_ws/install/evoart_behavior/share/evoart_behavior/hook/cmake_prefix_path.ps1'
[13.330s] [34mcolcon.colcon_core.shell[0m [1;30mINFO[0m Creating environment descriptor '/home/mustafa/evoart_ws/install/evoart_behavior/share/evoart_behavior/hook/cmake_prefix_path.dsv'
[13.331s] [34mcolcon.colcon_core.shell[0m [1;30mINFO[0m Creating environment hook '/home/mustafa/evoart_ws/install/evoart_behavior/share/evoart_behavior/hook/cmake_prefix_path.sh'
[13.331s] [34mcolcon.colcon_core.environment[0m [1;30mLevel 1[0m checking '/home/mustafa/evoart_ws/install/evoart_behavior/lib'
[13.331s] [34mcolcon.colcon_core.environment[0m [1;30mLevel 1[0m checking '/home/mustafa/evoart_ws/install/evoart_behavior/bin'
[13.331s] [34mcolcon.colcon_core.environment[0m [1;30mLevel 1[0m checking '/home/mustafa/evoart_ws/install/evoart_behavior/lib/pkgconfig/evoart_behavior.pc'
[13.332s] [34mcolcon.colcon_core.environment[0m [1;30mLevel 1[0m checking '/home/mustafa/evoart_ws/install/evoart_behavior/lib/python3.10/site-packages'
[13.332s] [34mcolcon.colcon_core.environment[0m [1;30mLevel 1[0m checking '/home/mustafa/evoart_ws/install/evoart_behavior/bin'
[13.332s] [34mcolcon.colcon_core.shell[0m [1;30mINFO[0m Creating package script '/home/mustafa/evoart_ws/install/evoart_behavior/share/evoart_behavior/package.ps1'
[13.333s] [34mcolcon.colcon_core.shell[0m [1;30mINFO[0m Creating package descriptor '/home/mustafa/evoart_ws/install/evoart_behavior/share/evoart_behavior/package.dsv'
[13.333s] [34mcolcon.colcon_core.shell[0m [1;30mINFO[0m Creating package script '/home/mustafa/evoart_ws/install/evoart_behavior/share/evoart_behavior/package.sh'
[13.334s] [34mcolcon.colcon_core.shell[0m [1;30mINFO[0m Creating package script '/home/mustafa/evoart_ws/install/evoart_behavior/share/evoart_behavior/package.bash'
[13.334s] [34mcolcon.colcon_core.shell[0m [1;30mINFO[0m Creating package script '/home/mustafa/evoart_ws/install/evoart_behavior/share/evoart_behavior/package.zsh'
[13.334s] [34mcolcon.colcon_core.environment[0m [1;30mLevel 1[0m create_file_with_runtime_dependencies(/home/mustafa/evoart_ws/install/evoart_behavior/share/colcon-core/packages/evoart_behavior)
[13.335s] [34mcolcon.colcon_core.environment[0m [1;30mLevel 1[0m create_environment_scripts_only(evoart_behavior)
[13.335s] [34mcolcon.colcon_core.environment[0m [1;30mLevel 1[0m checking '/home/mustafa/evoart_ws/install/evoart_behavior' for CMake module files
[13.335s] [34mcolcon.colcon_core.environment[0m [1;30mLevel 1[0m checking '/home/mustafa/evoart_ws/install/evoart_behavior' for CMake config files
[13.336s] [34mcolcon.colcon_core.shell[0m [1;30mLevel 1[0m create_environment_hook('evoart_behavior', 'cmake_prefix_path')
[13.336s] [34mcolcon.colcon_core.shell[0m [1;30mINFO[0m Creating environment hook '/home/mustafa/evoart_ws/install/evoart_behavior/share/evoart_behavior/hook/cmake_prefix_path.ps1'
[13.337s] [34mcolcon.colcon_core.shell[0m [1;30mINFO[0m Creating environment descriptor '/home/mustafa/evoart_ws/install/evoart_behavior/share/evoart_behavior/hook/cmake_prefix_path.dsv'
[13.338s] [34mcolcon.colcon_core.shell[0m [1;30mINFO[0m Creating environment hook '/home/mustafa/evoart_ws/install/evoart_behavior/share/evoart_behavior/hook/cmake_prefix_path.sh'
[13.338s] [34mcolcon.colcon_core.environment[0m [1;30mLevel 1[0m checking '/home/mustafa/evoart_ws/install/evoart_behavior/lib'
[13.338s] [34mcolcon.colcon_core.environment[0m [1;30mLevel 1[0m checking '/home/mustafa/evoart_ws/install/evoart_behavior/bin'
[13.338s] [34mcolcon.colcon_core.environment[0m [1;30mLevel 1[0m checking '/home/mustafa/evoart_ws/install/evoart_behavior/lib/pkgconfig/evoart_behavior.pc'
[13.339s] [34mcolcon.colcon_core.environment[0m [1;30mLevel 1[0m checking '/home/mustafa/evoart_ws/install/evoart_behavior/lib/python3.10/site-packages'
[13.339s] [34mcolcon.colcon_core.environment[0m [1;30mLevel 1[0m checking '/home/mustafa/evoart_ws/install/evoart_behavior/bin'
[13.339s] [34mcolcon.colcon_core.shell[0m [1;30mINFO[0m Creating package script '/home/mustafa/evoart_ws/install/evoart_behavior/share/evoart_behavior/package.ps1'
[13.340s] [34mcolcon.colcon_core.shell[0m [1;30mINFO[0m Creating package descriptor '/home/mustafa/evoart_ws/install/evoart_behavior/share/evoart_behavior/package.dsv'
[13.340s] [34mcolcon.colcon_core.shell[0m [1;30mINFO[0m Creating package script '/home/mustafa/evoart_ws/install/evoart_behavior/share/evoart_behavior/package.sh'
[13.341s] [34mcolcon.colcon_core.shell[0m [1;30mINFO[0m Creating package script '/home/mustafa/evoart_ws/install/evoart_behavior/share/evoart_behavior/package.bash'
[13.341s] [34mcolcon.colcon_core.shell[0m [1;30mINFO[0m Creating package script '/home/mustafa/evoart_ws/install/evoart_behavior/share/evoart_behavior/package.zsh'
[13.342s] [34mcolcon.colcon_core.environment[0m [1;30mLevel 1[0m create_file_with_runtime_dependencies(/home/mustafa/evoart_ws/install/evoart_behavior/share/colcon-core/packages/evoart_behavior)
[16.601s] [34mcolcon.colcon_core.event_handler.log_command[0m [1;30mDEBUG[0m [32mInvoked command in '/home/mustafa/evoart_ws/build/velodyne_laserscan' returned '0': CMAKE_PREFIX_PATH=${CMAKE_PREFIX_PATH}:/opt/ros/humble /usr/bin/cmake --build /home/mustafa/evoart_ws/build/velodyne_laserscan -- -j32 -l32[0m
[16.603s] [34mcolcon.colcon_core.event_handler.log_command[0m [1;30mDEBUG[0m [32mInvoking command in '/home/mustafa/evoart_ws/build/velodyne_laserscan': CMAKE_PREFIX_PATH=${CMAKE_PREFIX_PATH}:/opt/ros/humble /usr/bin/cmake --install /home/mustafa/evoart_ws/build/velodyne_laserscan[0m
[16.627s] [34mcolcon.colcon_core.environment[0m [1;30mLevel 1[0m create_environment_scripts_only(velodyne_laserscan)
[16.627s] [34mcolcon.colcon_core.environment[0m [1;30mLevel 1[0m checking '/home/mustafa/evoart_ws/install/velodyne_laserscan' for CMake module files
[16.627s] [34mcolcon.colcon_core.event_handler.log_command[0m [1;30mDEBUG[0m [32mInvoked command in '/home/mustafa/evoart_ws/build/velodyne_laserscan' returned '0': CMAKE_PREFIX_PATH=${CMAKE_PREFIX_PATH}:/opt/ros/humble /usr/bin/cmake --install /home/mustafa/evoart_ws/build/velodyne_laserscan[0m
[16.627s] [34mcolcon.colcon_core.environment[0m [1;30mLevel 1[0m checking '/home/mustafa/evoart_ws/install/velodyne_laserscan' for CMake config files
[16.628s] [34mcolcon.colcon_core.shell[0m [1;30mLevel 1[0m create_environment_hook('velodyne_laserscan', 'cmake_prefix_path')
[16.628s] [34mcolcon.colcon_core.shell[0m [1;30mINFO[0m Creating environment hook '/home/mustafa/evoart_ws/install/velodyne_laserscan/share/velodyne_laserscan/hook/cmake_prefix_path.ps1'
[16.628s] [34mcolcon.colcon_core.shell[0m [1;30mINFO[0m Creating environment descriptor '/home/mustafa/evoart_ws/install/velodyne_laserscan/share/velodyne_laserscan/hook/cmake_prefix_path.dsv'
[16.628s] [34mcolcon.colcon_core.shell[0m [1;30mINFO[0m Creating environment hook '/home/mustafa/evoart_ws/install/velodyne_laserscan/share/velodyne_laserscan/hook/cmake_prefix_path.sh'
[16.629s] [34mcolcon.colcon_core.environment[0m [1;30mLevel 1[0m checking '/home/mustafa/evoart_ws/install/velodyne_laserscan/lib'
[16.629s] [34mcolcon.colcon_core.shell[0m [1;30mLevel 1[0m create_environment_hook('velodyne_laserscan', 'ld_library_path_lib')
[16.629s] [34mcolcon.colcon_core.shell[0m [1;30mINFO[0m Creating environment hook '/home/mustafa/evoart_ws/install/velodyne_laserscan/share/velodyne_laserscan/hook/ld_library_path_lib.ps1'
[16.629s] [34mcolcon.colcon_core.shell[0m [1;30mINFO[0m Creating environment descriptor '/home/mustafa/evoart_ws/install/velodyne_laserscan/share/velodyne_laserscan/hook/ld_library_path_lib.dsv'
[16.630s] [34mcolcon.colcon_core.shell[0m [1;30mINFO[0m Creating environment hook '/home/mustafa/evoart_ws/install/velodyne_laserscan/share/velodyne_laserscan/hook/ld_library_path_lib.sh'
[16.630s] [34mcolcon.colcon_core.environment[0m [1;30mLevel 1[0m checking '/home/mustafa/evoart_ws/install/velodyne_laserscan/bin'
[16.630s] [34mcolcon.colcon_core.environment[0m [1;30mLevel 1[0m checking '/home/mustafa/evoart_ws/install/velodyne_laserscan/lib/pkgconfig/velodyne_laserscan.pc'
[16.630s] [34mcolcon.colcon_core.environment[0m [1;30mLevel 1[0m checking '/home/mustafa/evoart_ws/install/velodyne_laserscan/lib/python3.10/site-packages'
[16.630s] [34mcolcon.colcon_core.environment[0m [1;30mLevel 1[0m checking '/home/mustafa/evoart_ws/install/velodyne_laserscan/bin'
[16.631s] [34mcolcon.colcon_core.shell[0m [1;30mINFO[0m Creating package script '/home/mustafa/evoart_ws/install/velodyne_laserscan/share/velodyne_laserscan/package.ps1'
[16.631s] [34mcolcon.colcon_core.shell[0m [1;30mINFO[0m Creating package descriptor '/home/mustafa/evoart_ws/install/velodyne_laserscan/share/velodyne_laserscan/package.dsv'
[16.631s] [34mcolcon.colcon_core.shell[0m [1;30mINFO[0m Creating package script '/home/mustafa/evoart_ws/install/velodyne_laserscan/share/velodyne_laserscan/package.sh'
[16.632s] [34mcolcon.colcon_core.shell[0m [1;30mINFO[0m Creating package script '/home/mustafa/evoart_ws/install/velodyne_laserscan/share/velodyne_laserscan/package.bash'
[16.632s] [34mcolcon.colcon_core.shell[0m [1;30mINFO[0m Creating package script '/home/mustafa/evoart_ws/install/velodyne_laserscan/share/velodyne_laserscan/package.zsh'
[16.632s] [34mcolcon.colcon_core.environment[0m [1;30mLevel 1[0m create_file_with_runtime_dependencies(/home/mustafa/evoart_ws/install/velodyne_laserscan/share/colcon-core/packages/velodyne_laserscan)
[16.633s] [34mcolcon.colcon_core.environment[0m [1;30mLevel 1[0m create_environment_scripts_only(velodyne_laserscan)
[16.633s] [34mcolcon.colcon_core.environment[0m [1;30mLevel 1[0m checking '/home/mustafa/evoart_ws/install/velodyne_laserscan' for CMake module files
[16.633s] [34mcolcon.colcon_core.environment[0m [1;30mLevel 1[0m checking '/home/mustafa/evoart_ws/install/velodyne_laserscan' for CMake config files
[16.633s] [34mcolcon.colcon_core.shell[0m [1;30mLevel 1[0m create_environment_hook('velodyne_laserscan', 'cmake_prefix_path')
[16.634s] [34mcolcon.colcon_core.shell[0m [1;30mINFO[0m Creating environment hook '/home/mustafa/evoart_ws/install/velodyne_laserscan/share/velodyne_laserscan/hook/cmake_prefix_path.ps1'
[16.634s] [34mcolcon.colcon_core.shell[0m [1;30mINFO[0m Creating environment descriptor '/home/mustafa/evoart_ws/install/velodyne_laserscan/share/velodyne_laserscan/hook/cmake_prefix_path.dsv'
[16.634s] [34mcolcon.colcon_core.shell[0m [1;30mINFO[0m Creating environment hook '/home/mustafa/evoart_ws/install/velodyne_laserscan/share/velodyne_laserscan/hook/cmake_prefix_path.sh'
[16.635s] [34mcolcon.colcon_core.environment[0m [1;30mLevel 1[0m checking '/home/mustafa/evoart_ws/install/velodyne_laserscan/lib'
[16.635s] [34mcolcon.colcon_core.shell[0m [1;30mLevel 1[0m create_environment_hook('velodyne_laserscan', 'ld_library_path_lib')
[16.635s] [34mcolcon.colcon_core.shell[0m [1;30mINFO[0m Creating environment hook '/home/mustafa/evoart_ws/install/velodyne_laserscan/share/velodyne_laserscan/hook/ld_library_path_lib.ps1'
[16.636s] [34mcolcon.colcon_core.shell[0m [1;30mINFO[0m Creating environment descriptor '/home/mustafa/evoart_ws/install/velodyne_laserscan/share/velodyne_laserscan/hook/ld_library_path_lib.dsv'
[16.636s] [34mcolcon.colcon_core.shell[0m [1;30mINFO[0m Creating environment hook '/home/mustafa/evoart_ws/install/velodyne_laserscan/share/velodyne_laserscan/hook/ld_library_path_lib.sh'
[16.637s] [34mcolcon.colcon_core.environment[0m [1;30mLevel 1[0m checking '/home/mustafa/evoart_ws/install/velodyne_laserscan/bin'
[16.637s] [34mcolcon.colcon_core.environment[0m [1;30mLevel 1[0m checking '/home/mustafa/evoart_ws/install/velodyne_laserscan/lib/pkgconfig/velodyne_laserscan.pc'
[16.637s] [34mcolcon.colcon_core.environment[0m [1;30mLevel 1[0m checking '/home/mustafa/evoart_ws/install/velodyne_laserscan/lib/python3.10/site-packages'
[16.637s] [34mcolcon.colcon_core.environment[0m [1;30mLevel 1[0m checking '/home/mustafa/evoart_ws/install/velodyne_laserscan/bin'
[16.638s] [34mcolcon.colcon_core.shell[0m [1;30mINFO[0m Creating package script '/home/mustafa/evoart_ws/install/velodyne_laserscan/share/velodyne_laserscan/package.ps1'
[16.638s] [34mcolcon.colcon_core.shell[0m [1;30mINFO[0m Creating package descriptor '/home/mustafa/evoart_ws/install/velodyne_laserscan/share/velodyne_laserscan/package.dsv'
[16.639s] [34mcolcon.colcon_core.shell[0m [1;30mINFO[0m Creating package script '/home/mustafa/evoart_ws/install/velodyne_laserscan/share/velodyne_laserscan/package.sh'
[16.639s] [34mcolcon.colcon_core.shell[0m [1;30mINFO[0m Creating package script '/home/mustafa/evoart_ws/install/velodyne_laserscan/share/velodyne_laserscan/package.bash'
[16.640s] [34mcolcon.colcon_core.shell[0m [1;30mINFO[0m Creating package script '/home/mustafa/evoart_ws/install/velodyne_laserscan/share/velodyne_laserscan/package.zsh'
[16.640s] [34mcolcon.colcon_core.environment[0m [1;30mLevel 1[0m create_file_with_runtime_dependencies(/home/mustafa/evoart_ws/install/velodyne_laserscan/share/colcon-core/packages/velodyne_laserscan)
[22.864s] [34mcolcon.colcon_core.event_handler.log_command[0m [1;30mDEBUG[0m [32mInvoked command in '/home/mustafa/evoart_ws/build/velodyne_driver' returned '0': AMENT_PREFIX_PATH=/home/mustafa/evoart_ws/install/velodyne_msgs:${AMENT_PREFIX_PATH} CMAKE_PREFIX_PATH=/home/mustafa/evoart_ws/install/velodyne_msgs:/home/mustafa/evoart_ws/install/evoart_control:/home/mustafa/evoart_ws/install/evoart_interfaces:/opt/ros/humble LD_LIBRARY_PATH=/home/mustafa/evoart_ws/install/velodyne_msgs/lib:${LD_LIBRARY_PATH} PYTHONPATH=/home/mustafa/evoart_ws/install/velodyne_msgs/local/lib/python3.10/dist-packages:${PYTHONPATH} /usr/bin/cmake --build /home/mustafa/evoart_ws/build/velodyne_driver -- -j32 -l32[0m
[22.865s] [34mcolcon.colcon_core.event_handler.log_command[0m [1;30mDEBUG[0m [32mInvoking command in '/home/mustafa/evoart_ws/build/velodyne_driver': AMENT_PREFIX_PATH=/home/mustafa/evoart_ws/install/velodyne_msgs:${AMENT_PREFIX_PATH} CMAKE_PREFIX_PATH=/home/mustafa/evoart_ws/install/velodyne_msgs:/home/mustafa/evoart_ws/install/evoart_control:/home/mustafa/evoart_ws/install/evoart_interfaces:/opt/ros/humble LD_LIBRARY_PATH=/home/mustafa/evoart_ws/install/velodyne_msgs/lib:${LD_LIBRARY_PATH} PYTHONPATH=/home/mustafa/evoart_ws/install/velodyne_msgs/local/lib/python3.10/dist-packages:${PYTHONPATH} /usr/bin/cmake --install /home/mustafa/evoart_ws/build/velodyne_driver[0m
[22.888s] [34mcolcon.colcon_core.environment[0m [1;30mLevel 1[0m create_environment_scripts_only(velodyne_driver)
[22.888s] [34mcolcon.colcon_core.environment[0m [1;30mLevel 1[0m checking '/home/mustafa/evoart_ws/install/velodyne_driver' for CMake module files
[22.888s] [34mcolcon.colcon_core.event_handler.log_command[0m [1;30mDEBUG[0m [32mInvoked command in '/home/mustafa/evoart_ws/build/velodyne_driver' returned '0': AMENT_PREFIX_PATH=/home/mustafa/evoart_ws/install/velodyne_msgs:${AMENT_PREFIX_PATH} CMAKE_PREFIX_PATH=/home/mustafa/evoart_ws/install/velodyne_msgs:/home/mustafa/evoart_ws/install/evoart_control:/home/mustafa/evoart_ws/install/evoart_interfaces:/opt/ros/humble LD_LIBRARY_PATH=/home/mustafa/evoart_ws/install/velodyne_msgs/lib:${LD_LIBRARY_PATH} PYTHONPATH=/home/mustafa/evoart_ws/install/velodyne_msgs/local/lib/python3.10/dist-packages:${PYTHONPATH} /usr/bin/cmake --install /home/mustafa/evoart_ws/build/velodyne_driver[0m
[22.889s] [34mcolcon.colcon_core.environment[0m [1;30mLevel 1[0m checking '/home/mustafa/evoart_ws/install/velodyne_driver' for CMake config files
[22.889s] [34mcolcon.colcon_core.shell[0m [1;30mLevel 1[0m create_environment_hook('velodyne_driver', 'cmake_prefix_path')
[22.889s] [34mcolcon.colcon_core.shell[0m [1;30mINFO[0m Creating environment hook '/home/mustafa/evoart_ws/install/velodyne_driver/share/velodyne_driver/hook/cmake_prefix_path.ps1'
[22.889s] [34mcolcon.colcon_core.shell[0m [1;30mINFO[0m Creating environment descriptor '/home/mustafa/evoart_ws/install/velodyne_driver/share/velodyne_driver/hook/cmake_prefix_path.dsv'
[22.889s] [34mcolcon.colcon_core.shell[0m [1;30mINFO[0m Creating environment hook '/home/mustafa/evoart_ws/install/velodyne_driver/share/velodyne_driver/hook/cmake_prefix_path.sh'
[22.890s] [34mcolcon.colcon_core.environment[0m [1;30mLevel 1[0m checking '/home/mustafa/evoart_ws/install/velodyne_driver/lib'
[22.890s] [34mcolcon.colcon_core.shell[0m [1;30mLevel 1[0m create_environment_hook('velodyne_driver', 'ld_library_path_lib')
[22.890s] [34mcolcon.colcon_core.shell[0m [1;30mINFO[0m Creating environment hook '/home/mustafa/evoart_ws/install/velodyne_driver/share/velodyne_driver/hook/ld_library_path_lib.ps1'
[22.890s] [34mcolcon.colcon_core.shell[0m [1;30mINFO[0m Creating environment descriptor '/home/mustafa/evoart_ws/install/velodyne_driver/share/velodyne_driver/hook/ld_library_path_lib.dsv'
[22.890s] [34mcolcon.colcon_core.shell[0m [1;30mINFO[0m Creating environment hook '/home/mustafa/evoart_ws/install/velodyne_driver/share/velodyne_driver/hook/ld_library_path_lib.sh'
[22.891s] [34mcolcon.colcon_core.environment[0m [1;30mLevel 1[0m checking '/home/mustafa/evoart_ws/install/velodyne_driver/bin'
[22.891s] [34mcolcon.colcon_core.environment[0m [1;30mLevel 1[0m checking '/home/mustafa/evoart_ws/install/velodyne_driver/lib/pkgconfig/velodyne_driver.pc'
[22.891s] [34mcolcon.colcon_core.environment[0m [1;30mLevel 1[0m checking '/home/mustafa/evoart_ws/install/velodyne_driver/lib/python3.10/site-packages'
[22.891s] [34mcolcon.colcon_core.environment[0m [1;30mLevel 1[0m checking '/home/mustafa/evoart_ws/install/velodyne_driver/bin'
[22.891s] [34mcolcon.colcon_core.shell[0m [1;30mINFO[0m Creating package script '/home/mustafa/evoart_ws/install/velodyne_driver/share/velodyne_driver/package.ps1'
[22.891s] [34mcolcon.colcon_core.shell[0m [1;30mINFO[0m Creating package descriptor '/home/mustafa/evoart_ws/install/velodyne_driver/share/velodyne_driver/package.dsv'
[22.892s] [34mcolcon.colcon_core.shell[0m [1;30mINFO[0m Creating package script '/home/mustafa/evoart_ws/install/velodyne_driver/share/velodyne_driver/package.sh'
[22.892s] [34mcolcon.colcon_core.shell[0m [1;30mINFO[0m Creating package script '/home/mustafa/evoart_ws/install/velodyne_driver/share/velodyne_driver/package.bash'
[22.892s] [34mcolcon.colcon_core.shell[0m [1;30mINFO[0m Creating package script '/home/mustafa/evoart_ws/install/velodyne_driver/share/velodyne_driver/package.zsh'
[22.892s] [34mcolcon.colcon_core.environment[0m [1;30mLevel 1[0m create_file_with_runtime_dependencies(/home/mustafa/evoart_ws/install/velodyne_driver/share/colcon-core/packages/velodyne_driver)
[22.893s] [34mcolcon.colcon_core.environment[0m [1;30mLevel 1[0m create_environment_scripts_only(velodyne_driver)
[22.893s] [34mcolcon.colcon_core.environment[0m [1;30mLevel 1[0m checking '/home/mustafa/evoart_ws/install/velodyne_driver' for CMake module files
[22.893s] [34mcolcon.colcon_core.environment[0m [1;30mLevel 1[0m checking '/home/mustafa/evoart_ws/install/velodyne_driver' for CMake config files
[22.893s] [34mcolcon.colcon_core.shell[0m [1;30mLevel 1[0m create_environment_hook('velodyne_driver', 'cmake_prefix_path')
[22.893s] [34mcolcon.colcon_core.shell[0m [1;30mINFO[0m Creating environment hook '/home/mustafa/evoart_ws/install/velodyne_driver/share/velodyne_driver/hook/cmake_prefix_path.ps1'
[22.894s] [34mcolcon.colcon_core.shell[0m [1;30mINFO[0m Creating environment descriptor '/home/mustafa/evoart_ws/install/velodyne_driver/share/velodyne_driver/hook/cmake_prefix_path.dsv'
[22.894s] [34mcolcon.colcon_core.shell[0m [1;30mINFO[0m Creating environment hook '/home/mustafa/evoart_ws/install/velodyne_driver/share/velodyne_driver/hook/cmake_prefix_path.sh'
[22.894s] [34mcolcon.colcon_core.environment[0m [1;30mLevel 1[0m checking '/home/mustafa/evoart_ws/install/velodyne_driver/lib'
[22.894s] [34mcolcon.colcon_core.shell[0m [1;30mLevel 1[0m create_environment_hook('velodyne_driver', 'ld_library_path_lib')
[22.894s] [34mcolcon.colcon_core.shell[0m [1;30mINFO[0m Creating environment hook '/home/mustafa/evoart_ws/install/velodyne_driver/share/velodyne_driver/hook/ld_library_path_lib.ps1'
[22.895s] [34mcolcon.colcon_core.shell[0m [1;30mINFO[0m Creating environment descriptor '/home/mustafa/evoart_ws/install/velodyne_driver/share/velodyne_driver/hook/ld_library_path_lib.dsv'
[22.895s] [34mcolcon.colcon_core.shell[0m [1;30mINFO[0m Creating environment hook '/home/mustafa/evoart_ws/install/velodyne_driver/share/velodyne_driver/hook/ld_library_path_lib.sh'
[22.895s] [34mcolcon.colcon_core.environment[0m [1;30mLevel 1[0m checking '/home/mustafa/evoart_ws/install/velodyne_driver/bin'
[22.895s] [34mcolcon.colcon_core.environment[0m [1;30mLevel 1[0m checking '/home/mustafa/evoart_ws/install/velodyne_driver/lib/pkgconfig/velodyne_driver.pc'
[22.895s] [34mcolcon.colcon_core.environment[0m [1;30mLevel 1[0m checking '/home/mustafa/evoart_ws/install/velodyne_driver/lib/python3.10/site-packages'
[22.895s] [34mcolcon.colcon_core.environment[0m [1;30mLevel 1[0m checking '/home/mustafa/evoart_ws/install/velodyne_driver/bin'
[22.896s] [34mcolcon.colcon_core.shell[0m [1;30mINFO[0m Creating package script '/home/mustafa/evoart_ws/install/velodyne_driver/share/velodyne_driver/package.ps1'
[22.896s] [34mcolcon.colcon_core.shell[0m [1;30mINFO[0m Creating package descriptor '/home/mustafa/evoart_ws/install/velodyne_driver/share/velodyne_driver/package.dsv'
[22.896s] [34mcolcon.colcon_core.shell[0m [1;30mINFO[0m Creating package script '/home/mustafa/evoart_ws/install/velodyne_driver/share/velodyne_driver/package.sh'
[22.897s] [34mcolcon.colcon_core.shell[0m [1;30mINFO[0m Creating package script '/home/mustafa/evoart_ws/install/velodyne_driver/share/velodyne_driver/package.bash'
[22.897s] [34mcolcon.colcon_core.shell[0m [1;30mINFO[0m Creating package script '/home/mustafa/evoart_ws/install/velodyne_driver/share/velodyne_driver/package.zsh'
[22.897s] [34mcolcon.colcon_core.environment[0m [1;30mLevel 1[0m create_file_with_runtime_dependencies(/home/mustafa/evoart_ws/install/velodyne_driver/share/colcon-core/packages/velodyne_driver)
[26.555s] [34mcolcon.colcon_core.event_handler.log_command[0m [1;30mDEBUG[0m [32mInvoked command in '/home/mustafa/evoart_ws/build/velodyne_pointcloud' returned '0': AMENT_PREFIX_PATH=/home/mustafa/evoart_ws/install/velodyne_msgs:${AMENT_PREFIX_PATH} CMAKE_PREFIX_PATH=/home/mustafa/evoart_ws/install/velodyne_msgs:/home/mustafa/evoart_ws/install/evoart_control:/home/mustafa/evoart_ws/install/evoart_interfaces:/opt/ros/humble LD_LIBRARY_PATH=/home/mustafa/evoart_ws/install/velodyne_msgs/lib:${LD_LIBRARY_PATH} PYTHONPATH=/home/mustafa/evoart_ws/install/velodyne_msgs/local/lib/python3.10/dist-packages:${PYTHONPATH} /usr/bin/cmake --build /home/mustafa/evoart_ws/build/velodyne_pointcloud -- -j32 -l32[0m
[26.557s] [34mcolcon.colcon_core.event_handler.log_command[0m [1;30mDEBUG[0m [32mInvoking command in '/home/mustafa/evoart_ws/build/velodyne_pointcloud': AMENT_PREFIX_PATH=/home/mustafa/evoart_ws/install/velodyne_msgs:${AMENT_PREFIX_PATH} CMAKE_PREFIX_PATH=/home/mustafa/evoart_ws/install/velodyne_msgs:/home/mustafa/evoart_ws/install/evoart_control:/home/mustafa/evoart_ws/install/evoart_interfaces:/opt/ros/humble LD_LIBRARY_PATH=/home/mustafa/evoart_ws/install/velodyne_msgs/lib:${LD_LIBRARY_PATH} PYTHONPATH=/home/mustafa/evoart_ws/install/velodyne_msgs/local/lib/python3.10/dist-packages:${PYTHONPATH} /usr/bin/cmake --install /home/mustafa/evoart_ws/build/velodyne_pointcloud[0m
[26.592s] [34mcolcon.colcon_core.environment[0m [1;30mLevel 1[0m create_environment_scripts_only(velodyne_pointcloud)
[26.592s] [34mcolcon.colcon_core.environment[0m [1;30mLevel 1[0m checking '/home/mustafa/evoart_ws/install/velodyne_pointcloud' for CMake module files
[26.592s] [34mcolcon.colcon_core.event_handler.log_command[0m [1;30mDEBUG[0m [32mInvoked command in '/home/mustafa/evoart_ws/build/velodyne_pointcloud' returned '0': AMENT_PREFIX_PATH=/home/mustafa/evoart_ws/install/velodyne_msgs:${AMENT_PREFIX_PATH} CMAKE_PREFIX_PATH=/home/mustafa/evoart_ws/install/velodyne_msgs:/home/mustafa/evoart_ws/install/evoart_control:/home/mustafa/evoart_ws/install/evoart_interfaces:/opt/ros/humble LD_LIBRARY_PATH=/home/mustafa/evoart_ws/install/velodyne_msgs/lib:${LD_LIBRARY_PATH} PYTHONPATH=/home/mustafa/evoart_ws/install/velodyne_msgs/local/lib/python3.10/dist-packages:${PYTHONPATH} /usr/bin/cmake --install /home/mustafa/evoart_ws/build/velodyne_pointcloud[0m
[26.593s] [34mcolcon.colcon_core.environment[0m [1;30mLevel 1[0m checking '/home/mustafa/evoart_ws/install/velodyne_pointcloud' for CMake config files
[26.593s] [34mcolcon.colcon_core.shell[0m [1;30mLevel 1[0m create_environment_hook('velodyne_pointcloud', 'cmake_prefix_path')
[26.593s] [34mcolcon.colcon_core.shell[0m [1;30mINFO[0m Creating environment hook '/home/mustafa/evoart_ws/install/velodyne_pointcloud/share/velodyne_pointcloud/hook/cmake_prefix_path.ps1'
[26.593s] [34mcolcon.colcon_core.shell[0m [1;30mINFO[0m Creating environment descriptor '/home/mustafa/evoart_ws/install/velodyne_pointcloud/share/velodyne_pointcloud/hook/cmake_prefix_path.dsv'
[26.594s] [34mcolcon.colcon_core.shell[0m [1;30mINFO[0m Creating environment hook '/home/mustafa/evoart_ws/install/velodyne_pointcloud/share/velodyne_pointcloud/hook/cmake_prefix_path.sh'
[26.594s] [34mcolcon.colcon_core.environment[0m [1;30mLevel 1[0m checking '/home/mustafa/evoart_ws/install/velodyne_pointcloud/lib'
[26.594s] [34mcolcon.colcon_core.shell[0m [1;30mLevel 1[0m create_environment_hook('velodyne_pointcloud', 'ld_library_path_lib')
[26.594s] [34mcolcon.colcon_core.shell[0m [1;30mINFO[0m Creating environment hook '/home/mustafa/evoart_ws/install/velodyne_pointcloud/share/velodyne_pointcloud/hook/ld_library_path_lib.ps1'
[26.594s] [34mcolcon.colcon_core.shell[0m [1;30mINFO[0m Creating environment descriptor '/home/mustafa/evoart_ws/install/velodyne_pointcloud/share/velodyne_pointcloud/hook/ld_library_path_lib.dsv'
[26.594s] [34mcolcon.colcon_core.shell[0m [1;30mINFO[0m Creating environment hook '/home/mustafa/evoart_ws/install/velodyne_pointcloud/share/velodyne_pointcloud/hook/ld_library_path_lib.sh'
[26.595s] [34mcolcon.colcon_core.environment[0m [1;30mLevel 1[0m checking '/home/mustafa/evoart_ws/install/velodyne_pointcloud/bin'
[26.595s] [34mcolcon.colcon_core.environment[0m [1;30mLevel 1[0m checking '/home/mustafa/evoart_ws/install/velodyne_pointcloud/lib/pkgconfig/velodyne_pointcloud.pc'
[26.595s] [34mcolcon.colcon_core.environment[0m [1;30mLevel 1[0m checking '/home/mustafa/evoart_ws/install/velodyne_pointcloud/lib/python3.10/site-packages'
[26.595s] [34mcolcon.colcon_core.environment[0m [1;30mLevel 1[0m checking '/home/mustafa/evoart_ws/install/velodyne_pointcloud/bin'
[26.595s] [34mcolcon.colcon_core.shell[0m [1;30mINFO[0m Creating package script '/home/mustafa/evoart_ws/install/velodyne_pointcloud/share/velodyne_pointcloud/package.ps1'
[26.596s] [34mcolcon.colcon_core.shell[0m [1;30mINFO[0m Creating package descriptor '/home/mustafa/evoart_ws/install/velodyne_pointcloud/share/velodyne_pointcloud/package.dsv'
[26.596s] [34mcolcon.colcon_core.shell[0m [1;30mINFO[0m Creating package script '/home/mustafa/evoart_ws/install/velodyne_pointcloud/share/velodyne_pointcloud/package.sh'
[26.596s] [34mcolcon.colcon_core.shell[0m [1;30mINFO[0m Creating package script '/home/mustafa/evoart_ws/install/velodyne_pointcloud/share/velodyne_pointcloud/package.bash'
[26.596s] [34mcolcon.colcon_core.shell[0m [1;30mINFO[0m Creating package script '/home/mustafa/evoart_ws/install/velodyne_pointcloud/share/velodyne_pointcloud/package.zsh'
[26.596s] [34mcolcon.colcon_core.environment[0m [1;30mLevel 1[0m create_file_with_runtime_dependencies(/home/mustafa/evoart_ws/install/velodyne_pointcloud/share/colcon-core/packages/velodyne_pointcloud)
[26.597s] [34mcolcon.colcon_core.environment[0m [1;30mLevel 1[0m create_environment_scripts_only(velodyne_pointcloud)
[26.597s] [34mcolcon.colcon_core.environment[0m [1;30mLevel 1[0m checking '/home/mustafa/evoart_ws/install/velodyne_pointcloud' for CMake module files
[26.597s] [34mcolcon.colcon_core.environment[0m [1;30mLevel 1[0m checking '/home/mustafa/evoart_ws/install/velodyne_pointcloud' for CMake config files
[26.598s] [34mcolcon.colcon_core.shell[0m [1;30mLevel 1[0m create_environment_hook('velodyne_pointcloud', 'cmake_prefix_path')
[26.598s] [34mcolcon.colcon_core.shell[0m [1;30mINFO[0m Creating environment hook '/home/mustafa/evoart_ws/install/velodyne_pointcloud/share/velodyne_pointcloud/hook/cmake_prefix_path.ps1'
[26.598s] [34mcolcon.colcon_core.shell[0m [1;30mINFO[0m Creating environment descriptor '/home/mustafa/evoart_ws/install/velodyne_pointcloud/share/velodyne_pointcloud/hook/cmake_prefix_path.dsv'
[26.598s] [34mcolcon.colcon_core.shell[0m [1;30mINFO[0m Creating environment hook '/home/mustafa/evoart_ws/install/velodyne_pointcloud/share/velodyne_pointcloud/hook/cmake_prefix_path.sh'
[26.598s] [34mcolcon.colcon_core.environment[0m [1;30mLevel 1[0m checking '/home/mustafa/evoart_ws/install/velodyne_pointcloud/lib'
[26.598s] [34mcolcon.colcon_core.shell[0m [1;30mLevel 1[0m create_environment_hook('velodyne_pointcloud', 'ld_library_path_lib')
[26.599s] [34mcolcon.colcon_core.shell[0m [1;30mINFO[0m Creating environment hook '/home/mustafa/evoart_ws/install/velodyne_pointcloud/share/velodyne_pointcloud/hook/ld_library_path_lib.ps1'
[26.599s] [34mcolcon.colcon_core.shell[0m [1;30mINFO[0m Creating environment descriptor '/home/mustafa/evoart_ws/install/velodyne_pointcloud/share/velodyne_pointcloud/hook/ld_library_path_lib.dsv'
[26.599s] [34mcolcon.colcon_core.shell[0m [1;30mINFO[0m Creating environment hook '/home/mustafa/evoart_ws/install/velodyne_pointcloud/share/velodyne_pointcloud/hook/ld_library_path_lib.sh'
[26.599s] [34mcolcon.colcon_core.environment[0m [1;30mLevel 1[0m checking '/home/mustafa/evoart_ws/install/velodyne_pointcloud/bin'
[26.599s] [34mcolcon.colcon_core.environment[0m [1;30mLevel 1[0m checking '/home/mustafa/evoart_ws/install/velodyne_pointcloud/lib/pkgconfig/velodyne_pointcloud.pc'
[26.599s] [34mcolcon.colcon_core.environment[0m [1;30mLevel 1[0m checking '/home/mustafa/evoart_ws/install/velodyne_pointcloud/lib/python3.10/site-packages'
[26.599s] [34mcolcon.colcon_core.environment[0m [1;30mLevel 1[0m checking '/home/mustafa/evoart_ws/install/velodyne_pointcloud/bin'
[26.600s] [34mcolcon.colcon_core.shell[0m [1;30mINFO[0m Creating package script '/home/mustafa/evoart_ws/install/velodyne_pointcloud/share/velodyne_pointcloud/package.ps1'
[26.600s] [34mcolcon.colcon_core.shell[0m [1;30mINFO[0m Creating package descriptor '/home/mustafa/evoart_ws/install/velodyne_pointcloud/share/velodyne_pointcloud/package.dsv'
[26.600s] [34mcolcon.colcon_core.shell[0m [1;30mINFO[0m Creating package script '/home/mustafa/evoart_ws/install/velodyne_pointcloud/share/velodyne_pointcloud/package.sh'
[26.600s] [34mcolcon.colcon_core.shell[0m [1;30mINFO[0m Creating package script '/home/mustafa/evoart_ws/install/velodyne_pointcloud/share/velodyne_pointcloud/package.bash'
[26.601s] [34mcolcon.colcon_core.shell[0m [1;30mINFO[0m Creating package script '/home/mustafa/evoart_ws/install/velodyne_pointcloud/share/velodyne_pointcloud/package.zsh'
[26.601s] [34mcolcon.colcon_core.environment[0m [1;30mLevel 1[0m create_file_with_runtime_dependencies(/home/mustafa/evoart_ws/install/velodyne_pointcloud/share/colcon-core/packages/velodyne_pointcloud)
[26.601s] [34mcolcon.colcon_ros.task.ament_cmake.build[0m [1;30mINFO[0m Building ROS package in '/home/mustafa/evoart_ws/src/velodyne/velodyne' with build type 'ament_cmake'
[26.601s] [34mcolcon.colcon_cmake.task.cmake.build[0m [1;30mINFO[0m Building CMake package in '/home/mustafa/evoart_ws/src/velodyne/velodyne'
[26.601s] [34mcolcon.colcon_core.shell[0m [1;30mINFO[0m Skip shell extension 'powershell' for command environment: Not usable outside of PowerShell
[26.601s] [34mcolcon.colcon_core.shell[0m [1;30mDEBUG[0m [32mSkip shell extension 'dsv' for command environment[0m
[26.612s] [34mcolcon.colcon_core.event_handler.log_command[0m [1;30mDEBUG[0m [32mInvoking command in '/home/mustafa/evoart_ws/build/velodyne': AMENT_PREFIX_PATH=/home/mustafa/evoart_ws/install/velodyne_pointcloud:/home/mustafa/evoart_ws/install/velodyne_driver:/home/mustafa/evoart_ws/install/velodyne_msgs:/home/mustafa/evoart_ws/install/velodyne_laserscan:${AMENT_PREFIX_PATH} CMAKE_PREFIX_PATH=/home/mustafa/evoart_ws/install/velodyne_pointcloud:/home/mustafa/evoart_ws/install/velodyne_driver:/home/mustafa/evoart_ws/install/velodyne_msgs:/home/mustafa/evoart_ws/install/velodyne_laserscan:/home/mustafa/evoart_ws/install/evoart_control:/home/mustafa/evoart_ws/install/evoart_interfaces:/opt/ros/humble LD_LIBRARY_PATH=/home/mustafa/evoart_ws/install/velodyne_pointcloud/lib:/home/mustafa/evoart_ws/install/velodyne_driver/lib:/home/mustafa/evoart_ws/install/velodyne_msgs/lib:/home/mustafa/evoart_ws/install/velodyne_laserscan/lib:${LD_LIBRARY_PATH} PYTHONPATH=/home/mustafa/evoart_ws/install/velodyne_msgs/local/lib/python3.10/dist-packages:${PYTHONPATH} /usr/bin/cmake /home/mustafa/evoart_ws/src/velodyne/velodyne -DCMAKE_INSTALL_PREFIX=/home/mustafa/evoart_ws/install/velodyne[0m
[27.046s] [34mcolcon.colcon_core.event_handler.log_command[0m [1;30mDEBUG[0m [32mInvoked command in '/home/mustafa/evoart_ws/build/velodyne' returned '0': AMENT_PREFIX_PATH=/home/mustafa/evoart_ws/install/velodyne_pointcloud:/home/mustafa/evoart_ws/install/velodyne_driver:/home/mustafa/evoart_ws/install/velodyne_msgs:/home/mustafa/evoart_ws/install/velodyne_laserscan:${AMENT_PREFIX_PATH} CMAKE_PREFIX_PATH=/home/mustafa/evoart_ws/install/velodyne_pointcloud:/home/mustafa/evoart_ws/install/velodyne_driver:/home/mustafa/evoart_ws/install/velodyne_msgs:/home/mustafa/evoart_ws/install/velodyne_laserscan:/home/mustafa/evoart_ws/install/evoart_control:/home/mustafa/evoart_ws/install/evoart_interfaces:/opt/ros/humble LD_LIBRARY_PATH=/home/mustafa/evoart_ws/install/velodyne_pointcloud/lib:/home/mustafa/evoart_ws/install/velodyne_driver/lib:/home/mustafa/evoart_ws/install/velodyne_msgs/lib:/home/mustafa/evoart_ws/install/velodyne_laserscan/lib:${LD_LIBRARY_PATH} PYTHONPATH=/home/mustafa/evoart_ws/install/velodyne_msgs/local/lib/python3.10/dist-packages:${PYTHONPATH} /usr/bin/cmake /home/mustafa/evoart_ws/src/velodyne/velodyne -DCMAKE_INSTALL_PREFIX=/home/mustafa/evoart_ws/install/velodyne[0m
[27.047s] [34mcolcon.colcon_core.event_handler.log_command[0m [1;30mDEBUG[0m [32mInvoking command in '/home/mustafa/evoart_ws/build/velodyne': AMENT_PREFIX_PATH=/home/mustafa/evoart_ws/install/velodyne_pointcloud:/home/mustafa/evoart_ws/install/velodyne_driver:/home/mustafa/evoart_ws/install/velodyne_msgs:/home/mustafa/evoart_ws/install/velodyne_laserscan:${AMENT_PREFIX_PATH} CMAKE_PREFIX_PATH=/home/mustafa/evoart_ws/install/velodyne_pointcloud:/home/mustafa/evoart_ws/install/velodyne_driver:/home/mustafa/evoart_ws/install/velodyne_msgs:/home/mustafa/evoart_ws/install/velodyne_laserscan:/home/mustafa/evoart_ws/install/evoart_control:/home/mustafa/evoart_ws/install/evoart_interfaces:/opt/ros/humble LD_LIBRARY_PATH=/home/mustafa/evoart_ws/install/velodyne_pointcloud/lib:/home/mustafa/evoart_ws/install/velodyne_driver/lib:/home/mustafa/evoart_ws/install/velodyne_msgs/lib:/home/mustafa/evoart_ws/install/velodyne_laserscan/lib:${LD_LIBRARY_PATH} PYTHONPATH=/home/mustafa/evoart_ws/install/velodyne_msgs/local/lib/python3.10/dist-packages:${PYTHONPATH} /usr/bin/cmake --build /home/mustafa/evoart_ws/build/velodyne -- -j32 -l32[0m
[27.078s] [34mcolcon.colcon_core.event_handler.log_command[0m [1;30mDEBUG[0m [32mInvoked command in '/home/mustafa/evoart_ws/build/velodyne' returned '0': AMENT_PREFIX_PATH=/home/mustafa/evoart_ws/install/velodyne_pointcloud:/home/mustafa/evoart_ws/install/velodyne_driver:/home/mustafa/evoart_ws/install/velodyne_msgs:/home/mustafa/evoart_ws/install/velodyne_laserscan:${AMENT_PREFIX_PATH} CMAKE_PREFIX_PATH=/home/mustafa/evoart_ws/install/velodyne_pointcloud:/home/mustafa/evoart_ws/install/velodyne_driver:/home/mustafa/evoart_ws/install/velodyne_msgs:/home/mustafa/evoart_ws/install/velodyne_laserscan:/home/mustafa/evoart_ws/install/evoart_control:/home/mustafa/evoart_ws/install/evoart_interfaces:/opt/ros/humble LD_LIBRARY_PATH=/home/mustafa/evoart_ws/install/velodyne_pointcloud/lib:/home/mustafa/evoart_ws/install/velodyne_driver/lib:/home/mustafa/evoart_ws/install/velodyne_msgs/lib:/home/mustafa/evoart_ws/install/velodyne_laserscan/lib:${LD_LIBRARY_PATH} PYTHONPATH=/home/mustafa/evoart_ws/install/velodyne_msgs/local/lib/python3.10/dist-packages:${PYTHONPATH} /usr/bin/cmake --build /home/mustafa/evoart_ws/build/velodyne -- -j32 -l32[0m
[27.079s] [34mcolcon.colcon_core.event_handler.log_command[0m [1;30mDEBUG[0m [32mInvoking command in '/home/mustafa/evoart_ws/build/velodyne': AMENT_PREFIX_PATH=/home/mustafa/evoart_ws/install/velodyne_pointcloud:/home/mustafa/evoart_ws/install/velodyne_driver:/home/mustafa/evoart_ws/install/velodyne_msgs:/home/mustafa/evoart_ws/install/velodyne_laserscan:${AMENT_PREFIX_PATH} CMAKE_PREFIX_PATH=/home/mustafa/evoart_ws/install/velodyne_pointcloud:/home/mustafa/evoart_ws/install/velodyne_driver:/home/mustafa/evoart_ws/install/velodyne_msgs:/home/mustafa/evoart_ws/install/velodyne_laserscan:/home/mustafa/evoart_ws/install/evoart_control:/home/mustafa/evoart_ws/install/evoart_interfaces:/opt/ros/humble LD_LIBRARY_PATH=/home/mustafa/evoart_ws/install/velodyne_pointcloud/lib:/home/mustafa/evoart_ws/install/velodyne_driver/lib:/home/mustafa/evoart_ws/install/velodyne_msgs/lib:/home/mustafa/evoart_ws/install/velodyne_laserscan/lib:${LD_LIBRARY_PATH} PYTHONPATH=/home/mustafa/evoart_ws/install/velodyne_msgs/local/lib/python3.10/dist-packages:${PYTHONPATH} /usr/bin/cmake --install /home/mustafa/evoart_ws/build/velodyne[0m
[27.091s] [34mcolcon.colcon_core.environment[0m [1;30mLevel 1[0m create_environment_scripts_only(velodyne)
[27.092s] [34mcolcon.colcon_core.environment[0m [1;30mLevel 1[0m checking '/home/mustafa/evoart_ws/install/velodyne' for CMake module files
[27.092s] [34mcolcon.colcon_core.event_handler.log_command[0m [1;30mDEBUG[0m [32mInvoked command in '/home/mustafa/evoart_ws/build/velodyne' returned '0': AMENT_PREFIX_PATH=/home/mustafa/evoart_ws/install/velodyne_pointcloud:/home/mustafa/evoart_ws/install/velodyne_driver:/home/mustafa/evoart_ws/install/velodyne_msgs:/home/mustafa/evoart_ws/install/velodyne_laserscan:${AMENT_PREFIX_PATH} CMAKE_PREFIX_PATH=/home/mustafa/evoart_ws/install/velodyne_pointcloud:/home/mustafa/evoart_ws/install/velodyne_driver:/home/mustafa/evoart_ws/install/velodyne_msgs:/home/mustafa/evoart_ws/install/velodyne_laserscan:/home/mustafa/evoart_ws/install/evoart_control:/home/mustafa/evoart_ws/install/evoart_interfaces:/opt/ros/humble LD_LIBRARY_PATH=/home/mustafa/evoart_ws/install/velodyne_pointcloud/lib:/home/mustafa/evoart_ws/install/velodyne_driver/lib:/home/mustafa/evoart_ws/install/velodyne_msgs/lib:/home/mustafa/evoart_ws/install/velodyne_laserscan/lib:${LD_LIBRARY_PATH} PYTHONPATH=/home/mustafa/evoart_ws/install/velodyne_msgs/local/lib/python3.10/dist-packages:${PYTHONPATH} /usr/bin/cmake --install /home/mustafa/evoart_ws/build/velodyne[0m
[27.092s] [34mcolcon.colcon_core.environment[0m [1;30mLevel 1[0m checking '/home/mustafa/evoart_ws/install/velodyne' for CMake config files
[27.092s] [34mcolcon.colcon_core.shell[0m [1;30mLevel 1[0m create_environment_hook('velodyne', 'cmake_prefix_path')
[27.092s] [34mcolcon.colcon_core.shell[0m [1;30mINFO[0m Creating environment hook '/home/mustafa/evoart_ws/install/velodyne/share/velodyne/hook/cmake_prefix_path.ps1'
[27.093s] [34mcolcon.colcon_core.shell[0m [1;30mINFO[0m Creating environment descriptor '/home/mustafa/evoart_ws/install/velodyne/share/velodyne/hook/cmake_prefix_path.dsv'
[27.093s] [34mcolcon.colcon_core.shell[0m [1;30mINFO[0m Creating environment hook '/home/mustafa/evoart_ws/install/velodyne/share/velodyne/hook/cmake_prefix_path.sh'
[27.093s] [34mcolcon.colcon_core.environment[0m [1;30mLevel 1[0m checking '/home/mustafa/evoart_ws/install/velodyne/bin'
[27.093s] [34mcolcon.colcon_core.environment[0m [1;30mLevel 1[0m checking '/home/mustafa/evoart_ws/install/velodyne/lib/pkgconfig/velodyne.pc'
[27.093s] [34mcolcon.colcon_core.environment[0m [1;30mLevel 1[0m checking '/home/mustafa/evoart_ws/install/velodyne/lib/python3.10/site-packages'
[27.093s] [34mcolcon.colcon_core.environment[0m [1;30mLevel 1[0m checking '/home/mustafa/evoart_ws/install/velodyne/bin'
[27.094s] [34mcolcon.colcon_core.shell[0m [1;30mINFO[0m Creating package script '/home/mustafa/evoart_ws/install/velodyne/share/velodyne/package.ps1'
[27.094s] [34mcolcon.colcon_core.shell[0m [1;30mINFO[0m Creating package descriptor '/home/mustafa/evoart_ws/install/velodyne/share/velodyne/package.dsv'
[27.094s] [34mcolcon.colcon_core.shell[0m [1;30mINFO[0m Creating package script '/home/mustafa/evoart_ws/install/velodyne/share/velodyne/package.sh'
[27.094s] [34mcolcon.colcon_core.shell[0m [1;30mINFO[0m Creating package script '/home/mustafa/evoart_ws/install/velodyne/share/velodyne/package.bash'
[27.094s] [34mcolcon.colcon_core.shell[0m [1;30mINFO[0m Creating package script '/home/mustafa/evoart_ws/install/velodyne/share/velodyne/package.zsh'
[27.095s] [34mcolcon.colcon_core.environment[0m [1;30mLevel 1[0m create_file_with_runtime_dependencies(/home/mustafa/evoart_ws/install/velodyne/share/colcon-core/packages/velodyne)
[27.095s] [34mcolcon.colcon_core.environment[0m [1;30mLevel 1[0m create_environment_scripts_only(velodyne)
[27.095s] [34mcolcon.colcon_core.environment[0m [1;30mLevel 1[0m checking '/home/mustafa/evoart_ws/install/velodyne' for CMake module files
[27.095s] [34mcolcon.colcon_core.environment[0m [1;30mLevel 1[0m checking '/home/mustafa/evoart_ws/install/velodyne' for CMake config files
[27.095s] [34mcolcon.colcon_core.shell[0m [1;30mLevel 1[0m create_environment_hook('velodyne', 'cmake_prefix_path')
[27.096s] [34mcolcon.colcon_core.shell[0m [1;30mINFO[0m Creating environment hook '/home/mustafa/evoart_ws/install/velodyne/share/velodyne/hook/cmake_prefix_path.ps1'
[27.096s] [34mcolcon.colcon_core.shell[0m [1;30mINFO[0m Creating environment descriptor '/home/mustafa/evoart_ws/install/velodyne/share/velodyne/hook/cmake_prefix_path.dsv'
[27.096s] [34mcolcon.colcon_core.shell[0m [1;30mINFO[0m Creating environment hook '/home/mustafa/evoart_ws/install/velodyne/share/velodyne/hook/cmake_prefix_path.sh'
[27.096s] [34mcolcon.colcon_core.environment[0m [1;30mLevel 1[0m checking '/home/mustafa/evoart_ws/install/velodyne/bin'
[27.096s] [34mcolcon.colcon_core.environment[0m [1;30mLevel 1[0m checking '/home/mustafa/evoart_ws/install/velodyne/lib/pkgconfig/velodyne.pc'
[27.096s] [34mcolcon.colcon_core.environment[0m [1;30mLevel 1[0m checking '/home/mustafa/evoart_ws/install/velodyne/lib/python3.10/site-packages'
[27.097s] [34mcolcon.colcon_core.environment[0m [1;30mLevel 1[0m checking '/home/mustafa/evoart_ws/install/velodyne/bin'
[27.097s] [34mcolcon.colcon_core.shell[0m [1;30mINFO[0m Creating package script '/home/mustafa/evoart_ws/install/velodyne/share/velodyne/package.ps1'
[27.097s] [34mcolcon.colcon_core.shell[0m [1;30mINFO[0m Creating package descriptor '/home/mustafa/evoart_ws/install/velodyne/share/velodyne/package.dsv'
[27.097s] [34mcolcon.colcon_core.shell[0m [1;30mINFO[0m Creating package script '/home/mustafa/evoart_ws/install/velodyne/share/velodyne/package.sh'
[27.098s] [34mcolcon.colcon_core.shell[0m [1;30mINFO[0m Creating package script '/home/mustafa/evoart_ws/install/velodyne/share/velodyne/package.bash'
[27.098s] [34mcolcon.colcon_core.shell[0m [1;30mINFO[0m Creating package script '/home/mustafa/evoart_ws/install/velodyne/share/velodyne/package.zsh'
[27.098s] [34mcolcon.colcon_core.environment[0m [1;30mLevel 1[0m create_file_with_runtime_dependencies(/home/mustafa/evoart_ws/install/velodyne/share/colcon-core/packages/velodyne)
[45.071s] [34mcolcon.colcon_core.event_handler.log_command[0m [1;30mDEBUG[0m [32mInvoked command in '/home/mustafa/evoart_ws/build/zed_components' returned '0': CMAKE_PREFIX_PATH=${CMAKE_PREFIX_PATH}:/opt/ros/humble /usr/bin/cmake --build /home/mustafa/evoart_ws/build/zed_components -- -j32 -l32[0m
[45.072s] [34mcolcon.colcon_core.event_handler.log_command[0m [1;30mDEBUG[0m [32mInvoking command in '/home/mustafa/evoart_ws/build/zed_components': CMAKE_PREFIX_PATH=${CMAKE_PREFIX_PATH}:/opt/ros/humble /usr/bin/cmake --install /home/mustafa/evoart_ws/build/zed_components[0m
[45.093s] [34mcolcon.colcon_core.environment[0m [1;30mLevel 1[0m create_environment_scripts_only(zed_components)
[45.093s] [34mcolcon.colcon_core.environment[0m [1;30mLevel 1[0m checking '/home/mustafa/evoart_ws/install/zed_components' for CMake module files
[45.093s] [34mcolcon.colcon_core.event_handler.log_command[0m [1;30mDEBUG[0m [32mInvoked command in '/home/mustafa/evoart_ws/build/zed_components' returned '0': CMAKE_PREFIX_PATH=${CMAKE_PREFIX_PATH}:/opt/ros/humble /usr/bin/cmake --install /home/mustafa/evoart_ws/build/zed_components[0m
[45.093s] [34mcolcon.colcon_core.environment[0m [1;30mLevel 1[0m checking '/home/mustafa/evoart_ws/install/zed_components' for CMake config files
[45.094s] [34mcolcon.colcon_core.shell[0m [1;30mLevel 1[0m create_environment_hook('zed_components', 'cmake_prefix_path')
[45.094s] [34mcolcon.colcon_core.shell[0m [1;30mINFO[0m Creating environment hook '/home/mustafa/evoart_ws/install/zed_components/share/zed_components/hook/cmake_prefix_path.ps1'
[45.094s] [34mcolcon.colcon_core.shell[0m [1;30mINFO[0m Creating environment descriptor '/home/mustafa/evoart_ws/install/zed_components/share/zed_components/hook/cmake_prefix_path.dsv'
[45.094s] [34mcolcon.colcon_core.shell[0m [1;30mINFO[0m Creating environment hook '/home/mustafa/evoart_ws/install/zed_components/share/zed_components/hook/cmake_prefix_path.sh'
[45.095s] [34mcolcon.colcon_core.environment[0m [1;30mLevel 1[0m checking '/home/mustafa/evoart_ws/install/zed_components/lib'
[45.095s] [34mcolcon.colcon_core.shell[0m [1;30mLevel 1[0m create_environment_hook('zed_components', 'ld_library_path_lib')
[45.095s] [34mcolcon.colcon_core.shell[0m [1;30mINFO[0m Creating environment hook '/home/mustafa/evoart_ws/install/zed_components/share/zed_components/hook/ld_library_path_lib.ps1'
[45.095s] [34mcolcon.colcon_core.shell[0m [1;30mINFO[0m Creating environment descriptor '/home/mustafa/evoart_ws/install/zed_components/share/zed_components/hook/ld_library_path_lib.dsv'
[45.095s] [34mcolcon.colcon_core.shell[0m [1;30mINFO[0m Creating environment hook '/home/mustafa/evoart_ws/install/zed_components/share/zed_components/hook/ld_library_path_lib.sh'
[45.095s] [34mcolcon.colcon_core.environment[0m [1;30mLevel 1[0m checking '/home/mustafa/evoart_ws/install/zed_components/bin'
[45.095s] [34mcolcon.colcon_core.environment[0m [1;30mLevel 1[0m checking '/home/mustafa/evoart_ws/install/zed_components/lib/pkgconfig/zed_components.pc'
[45.095s] [34mcolcon.colcon_core.environment[0m [1;30mLevel 1[0m checking '/home/mustafa/evoart_ws/install/zed_components/lib/python3.10/site-packages'
[45.096s] [34mcolcon.colcon_core.environment[0m [1;30mLevel 1[0m checking '/home/mustafa/evoart_ws/install/zed_components/bin'
[45.096s] [34mcolcon.colcon_core.shell[0m [1;30mINFO[0m Creating package script '/home/mustafa/evoart_ws/install/zed_components/share/zed_components/package.ps1'
[45.096s] [34mcolcon.colcon_core.shell[0m [1;30mINFO[0m Creating package descriptor '/home/mustafa/evoart_ws/install/zed_components/share/zed_components/package.dsv'
[45.096s] [34mcolcon.colcon_core.shell[0m [1;30mINFO[0m Creating package script '/home/mustafa/evoart_ws/install/zed_components/share/zed_components/package.sh'
[45.096s] [34mcolcon.colcon_core.shell[0m [1;30mINFO[0m Creating package script '/home/mustafa/evoart_ws/install/zed_components/share/zed_components/package.bash'
[45.097s] [34mcolcon.colcon_core.shell[0m [1;30mINFO[0m Creating package script '/home/mustafa/evoart_ws/install/zed_components/share/zed_components/package.zsh'
[45.097s] [34mcolcon.colcon_core.environment[0m [1;30mLevel 1[0m create_file_with_runtime_dependencies(/home/mustafa/evoart_ws/install/zed_components/share/colcon-core/packages/zed_components)
[45.097s] [34mcolcon.colcon_core.environment[0m [1;30mLevel 1[0m create_environment_scripts_only(zed_components)
[45.097s] [34mcolcon.colcon_core.environment[0m [1;30mLevel 1[0m checking '/home/mustafa/evoart_ws/install/zed_components' for CMake module files
[45.097s] [34mcolcon.colcon_core.environment[0m [1;30mLevel 1[0m checking '/home/mustafa/evoart_ws/install/zed_components' for CMake config files
[45.098s] [34mcolcon.colcon_core.shell[0m [1;30mLevel 1[0m create_environment_hook('zed_components', 'cmake_prefix_path')
[45.098s] [34mcolcon.colcon_core.shell[0m [1;30mINFO[0m Creating environment hook '/home/mustafa/evoart_ws/install/zed_components/share/zed_components/hook/cmake_prefix_path.ps1'
[45.098s] [34mcolcon.colcon_core.shell[0m [1;30mINFO[0m Creating environment descriptor '/home/mustafa/evoart_ws/install/zed_components/share/zed_components/hook/cmake_prefix_path.dsv'
[45.098s] [34mcolcon.colcon_core.shell[0m [1;30mINFO[0m Creating environment hook '/home/mustafa/evoart_ws/install/zed_components/share/zed_components/hook/cmake_prefix_path.sh'
[45.098s] [34mcolcon.colcon_core.environment[0m [1;30mLevel 1[0m checking '/home/mustafa/evoart_ws/install/zed_components/lib'
[45.098s] [34mcolcon.colcon_core.shell[0m [1;30mLevel 1[0m create_environment_hook('zed_components', 'ld_library_path_lib')
[45.099s] [34mcolcon.colcon_core.shell[0m [1;30mINFO[0m Creating environment hook '/home/mustafa/evoart_ws/install/zed_components/share/zed_components/hook/ld_library_path_lib.ps1'
[45.099s] [34mcolcon.colcon_core.shell[0m [1;30mINFO[0m Creating environment descriptor '/home/mustafa/evoart_ws/install/zed_components/share/zed_components/hook/ld_library_path_lib.dsv'
[45.099s] [34mcolcon.colcon_core.shell[0m [1;30mINFO[0m Creating environment hook '/home/mustafa/evoart_ws/install/zed_components/share/zed_components/hook/ld_library_path_lib.sh'
[45.099s] [34mcolcon.colcon_core.environment[0m [1;30mLevel 1[0m checking '/home/mustafa/evoart_ws/install/zed_components/bin'
[45.099s] [34mcolcon.colcon_core.environment[0m [1;30mLevel 1[0m checking '/home/mustafa/evoart_ws/install/zed_components/lib/pkgconfig/zed_components.pc'
[45.099s] [34mcolcon.colcon_core.environment[0m [1;30mLevel 1[0m checking '/home/mustafa/evoart_ws/install/zed_components/lib/python3.10/site-packages'
[45.100s] [34mcolcon.colcon_core.environment[0m [1;30mLevel 1[0m checking '/home/mustafa/evoart_ws/install/zed_components/bin'
[45.100s] [34mcolcon.colcon_core.shell[0m [1;30mINFO[0m Creating package script '/home/mustafa/evoart_ws/install/zed_components/share/zed_components/package.ps1'
[45.100s] [34mcolcon.colcon_core.shell[0m [1;30mINFO[0m Creating package descriptor '/home/mustafa/evoart_ws/install/zed_components/share/zed_components/package.dsv'
[45.100s] [34mcolcon.colcon_core.shell[0m [1;30mINFO[0m Creating package script '/home/mustafa/evoart_ws/install/zed_components/share/zed_components/package.sh'
[45.101s] [34mcolcon.colcon_core.shell[0m [1;30mINFO[0m Creating package script '/home/mustafa/evoart_ws/install/zed_components/share/zed_components/package.bash'
[45.101s] [34mcolcon.colcon_core.shell[0m [1;30mINFO[0m Creating package script '/home/mustafa/evoart_ws/install/zed_components/share/zed_components/package.zsh'
[45.101s] [34mcolcon.colcon_core.environment[0m [1;30mLevel 1[0m create_file_with_runtime_dependencies(/home/mustafa/evoart_ws/install/zed_components/share/colcon-core/packages/zed_components)
[45.101s] [34mcolcon.colcon_ros.task.ament_cmake.build[0m [1;30mINFO[0m Building ROS package in '/home/mustafa/evoart_ws/src/zed-ros2-wrapper/zed_wrapper' with build type 'ament_cmake'
[45.101s] [34mcolcon.colcon_cmake.task.cmake.build[0m [1;30mINFO[0m Building CMake package in '/home/mustafa/evoart_ws/src/zed-ros2-wrapper/zed_wrapper'
[45.101s] [34mcolcon.colcon_core.shell[0m [1;30mINFO[0m Skip shell extension 'powershell' for command environment: Not usable outside of PowerShell
[45.101s] [34mcolcon.colcon_core.shell[0m [1;30mDEBUG[0m [32mSkip shell extension 'dsv' for command environment[0m
[45.104s] [34mcolcon.colcon_ros.task.ament_cmake.build[0m [1;30mINFO[0m Building ROS package in '/home/mustafa/evoart_ws/src/zed-ros2-wrapper/zed_debug' with build type 'ament_cmake'
[45.104s] [34mcolcon.colcon_cmake.task.cmake.build[0m [1;30mINFO[0m Building CMake package in '/home/mustafa/evoart_ws/src/zed-ros2-wrapper/zed_debug'
[45.104s] [34mcolcon.colcon_core.shell[0m [1;30mINFO[0m Skip shell extension 'powershell' for command environment: Not usable outside of PowerShell
[45.104s] [34mcolcon.colcon_core.shell[0m [1;30mDEBUG[0m [32mSkip shell extension 'dsv' for command environment[0m
[45.109s] [34mcolcon.colcon_core.event_handler.log_command[0m [1;30mDEBUG[0m [32mInvoking command in '/home/mustafa/evoart_ws/build/zed_wrapper': AMENT_PREFIX_PATH=/home/mustafa/evoart_ws/install/zed_components:${AMENT_PREFIX_PATH} CMAKE_PREFIX_PATH=/home/mustafa/evoart_ws/install/zed_components:/home/mustafa/evoart_ws/install/evoart_control:/home/mustafa/evoart_ws/install/evoart_interfaces:/opt/ros/humble LD_LIBRARY_PATH=/home/mustafa/evoart_ws/install/zed_components/lib:${LD_LIBRARY_PATH} /usr/bin/cmake /home/mustafa/evoart_ws/src/zed-ros2-wrapper/zed_wrapper -DCMAKE_INSTALL_PREFIX=/home/mustafa/evoart_ws/install/zed_wrapper[0m
[45.111s] [34mcolcon.colcon_core.event_handler.log_command[0m [1;30mDEBUG[0m [32mInvoking command in '/home/mustafa/evoart_ws/build/zed_debug': AMENT_PREFIX_PATH=/home/mustafa/evoart_ws/install/zed_components:${AMENT_PREFIX_PATH} CMAKE_PREFIX_PATH=/home/mustafa/evoart_ws/install/zed_components:/home/mustafa/evoart_ws/install/evoart_control:/home/mustafa/evoart_ws/install/evoart_interfaces:/opt/ros/humble LD_LIBRARY_PATH=/home/mustafa/evoart_ws/install/zed_components/lib:${LD_LIBRARY_PATH} /usr/bin/cmake /home/mustafa/evoart_ws/src/zed-ros2-wrapper/zed_debug -DCMAKE_INSTALL_PREFIX=/home/mustafa/evoart_ws/install/zed_debug[0m
[45.554s] [34mcolcon.colcon_core.event_handler.log_command[0m [1;30mDEBUG[0m [32mInvoked command in '/home/mustafa/evoart_ws/build/zed_wrapper' returned '0': AMENT_PREFIX_PATH=/home/mustafa/evoart_ws/install/zed_components:${AMENT_PREFIX_PATH} CMAKE_PREFIX_PATH=/home/mustafa/evoart_ws/install/zed_components:/home/mustafa/evoart_ws/install/evoart_control:/home/mustafa/evoart_ws/install/evoart_interfaces:/opt/ros/humble LD_LIBRARY_PATH=/home/mustafa/evoart_ws/install/zed_components/lib:${LD_LIBRARY_PATH} /usr/bin/cmake /home/mustafa/evoart_ws/src/zed-ros2-wrapper/zed_wrapper -DCMAKE_INSTALL_PREFIX=/home/mustafa/evoart_ws/install/zed_wrapper[0m
[45.555s] [34mcolcon.colcon_core.event_handler.log_command[0m [1;30mDEBUG[0m [32mInvoking command in '/home/mustafa/evoart_ws/build/zed_wrapper': AMENT_PREFIX_PATH=/home/mustafa/evoart_ws/install/zed_components:${AMENT_PREFIX_PATH} CMAKE_PREFIX_PATH=/home/mustafa/evoart_ws/install/zed_components:/home/mustafa/evoart_ws/install/evoart_control:/home/mustafa/evoart_ws/install/evoart_interfaces:/opt/ros/humble LD_LIBRARY_PATH=/home/mustafa/evoart_ws/install/zed_components/lib:${LD_LIBRARY_PATH} /usr/bin/cmake --build /home/mustafa/evoart_ws/build/zed_wrapper -- -j32 -l32[0m
[45.584s] [34mcolcon.colcon_core.event_handler.log_command[0m [1;30mDEBUG[0m [32mInvoked command in '/home/mustafa/evoart_ws/build/zed_wrapper' returned '0': AMENT_PREFIX_PATH=/home/mustafa/evoart_ws/install/zed_components:${AMENT_PREFIX_PATH} CMAKE_PREFIX_PATH=/home/mustafa/evoart_ws/install/zed_components:/home/mustafa/evoart_ws/install/evoart_control:/home/mustafa/evoart_ws/install/evoart_interfaces:/opt/ros/humble LD_LIBRARY_PATH=/home/mustafa/evoart_ws/install/zed_components/lib:${LD_LIBRARY_PATH} /usr/bin/cmake --build /home/mustafa/evoart_ws/build/zed_wrapper -- -j32 -l32[0m
[45.585s] [34mcolcon.colcon_core.event_handler.log_command[0m [1;30mDEBUG[0m [32mInvoking command in '/home/mustafa/evoart_ws/build/zed_wrapper': AMENT_PREFIX_PATH=/home/mustafa/evoart_ws/install/zed_components:${AMENT_PREFIX_PATH} CMAKE_PREFIX_PATH=/home/mustafa/evoart_ws/install/zed_components:/home/mustafa/evoart_ws/install/evoart_control:/home/mustafa/evoart_ws/install/evoart_interfaces:/opt/ros/humble LD_LIBRARY_PATH=/home/mustafa/evoart_ws/install/zed_components/lib:${LD_LIBRARY_PATH} /usr/bin/cmake --install /home/mustafa/evoart_ws/build/zed_wrapper[0m
[45.598s] [34mcolcon.colcon_core.environment[0m [1;30mLevel 1[0m create_environment_scripts_only(zed_wrapper)
[45.598s] [34mcolcon.colcon_core.environment[0m [1;30mLevel 1[0m checking '/home/mustafa/evoart_ws/install/zed_wrapper' for CMake module files
[45.598s] [34mcolcon.colcon_core.event_handler.log_command[0m [1;30mDEBUG[0m [32mInvoked command in '/home/mustafa/evoart_ws/build/zed_wrapper' returned '0': AMENT_PREFIX_PATH=/home/mustafa/evoart_ws/install/zed_components:${AMENT_PREFIX_PATH} CMAKE_PREFIX_PATH=/home/mustafa/evoart_ws/install/zed_components:/home/mustafa/evoart_ws/install/evoart_control:/home/mustafa/evoart_ws/install/evoart_interfaces:/opt/ros/humble LD_LIBRARY_PATH=/home/mustafa/evoart_ws/install/zed_components/lib:${LD_LIBRARY_PATH} /usr/bin/cmake --install /home/mustafa/evoart_ws/build/zed_wrapper[0m
[45.599s] [34mcolcon.colcon_core.environment[0m [1;30mLevel 1[0m checking '/home/mustafa/evoart_ws/install/zed_wrapper' for CMake config files
[45.599s] [34mcolcon.colcon_core.shell[0m [1;30mLevel 1[0m create_environment_hook('zed_wrapper', 'cmake_prefix_path')
[45.599s] [34mcolcon.colcon_core.shell[0m [1;30mINFO[0m Creating environment hook '/home/mustafa/evoart_ws/install/zed_wrapper/share/zed_wrapper/hook/cmake_prefix_path.ps1'
[45.599s] [34mcolcon.colcon_core.shell[0m [1;30mINFO[0m Creating environment descriptor '/home/mustafa/evoart_ws/install/zed_wrapper/share/zed_wrapper/hook/cmake_prefix_path.dsv'
[45.599s] [34mcolcon.colcon_core.shell[0m [1;30mINFO[0m Creating environment hook '/home/mustafa/evoart_ws/install/zed_wrapper/share/zed_wrapper/hook/cmake_prefix_path.sh'
[45.600s] [34mcolcon.colcon_core.environment[0m [1;30mLevel 1[0m checking '/home/mustafa/evoart_ws/install/zed_wrapper/bin'
[45.600s] [34mcolcon.colcon_core.environment[0m [1;30mLevel 1[0m checking '/home/mustafa/evoart_ws/install/zed_wrapper/lib/pkgconfig/zed_wrapper.pc'
[45.600s] [34mcolcon.colcon_core.environment[0m [1;30mLevel 1[0m checking '/home/mustafa/evoart_ws/install/zed_wrapper/lib/python3.10/site-packages'
[45.600s] [34mcolcon.colcon_core.environment[0m [1;30mLevel 1[0m checking '/home/mustafa/evoart_ws/install/zed_wrapper/bin'
[45.600s] [34mcolcon.colcon_core.shell[0m [1;30mINFO[0m Creating package script '/home/mustafa/evoart_ws/install/zed_wrapper/share/zed_wrapper/package.ps1'
[45.601s] [34mcolcon.colcon_core.shell[0m [1;30mINFO[0m Creating package descriptor '/home/mustafa/evoart_ws/install/zed_wrapper/share/zed_wrapper/package.dsv'
[45.601s] [34mcolcon.colcon_core.shell[0m [1;30mINFO[0m Creating package script '/home/mustafa/evoart_ws/install/zed_wrapper/share/zed_wrapper/package.sh'
[45.601s] [34mcolcon.colcon_core.shell[0m [1;30mINFO[0m Creating package script '/home/mustafa/evoart_ws/install/zed_wrapper/share/zed_wrapper/package.bash'
[45.601s] [34mcolcon.colcon_core.shell[0m [1;30mINFO[0m Creating package script '/home/mustafa/evoart_ws/install/zed_wrapper/share/zed_wrapper/package.zsh'
[45.601s] [34mcolcon.colcon_core.environment[0m [1;30mLevel 1[0m create_file_with_runtime_dependencies(/home/mustafa/evoart_ws/install/zed_wrapper/share/colcon-core/packages/zed_wrapper)
[45.602s] [34mcolcon.colcon_core.environment[0m [1;30mLevel 1[0m create_environment_scripts_only(zed_wrapper)
[45.602s] [34mcolcon.colcon_core.environment[0m [1;30mLevel 1[0m checking '/home/mustafa/evoart_ws/install/zed_wrapper' for CMake module files
[45.602s] [34mcolcon.colcon_core.environment[0m [1;30mLevel 1[0m checking '/home/mustafa/evoart_ws/install/zed_wrapper' for CMake config files
[45.602s] [34mcolcon.colcon_core.shell[0m [1;30mLevel 1[0m create_environment_hook('zed_wrapper', 'cmake_prefix_path')
[45.603s] [34mcolcon.colcon_core.shell[0m [1;30mINFO[0m Creating environment hook '/home/mustafa/evoart_ws/install/zed_wrapper/share/zed_wrapper/hook/cmake_prefix_path.ps1'
[45.603s] [34mcolcon.colcon_core.shell[0m [1;30mINFO[0m Creating environment descriptor '/home/mustafa/evoart_ws/install/zed_wrapper/share/zed_wrapper/hook/cmake_prefix_path.dsv'
[45.603s] [34mcolcon.colcon_core.shell[0m [1;30mINFO[0m Creating environment hook '/home/mustafa/evoart_ws/install/zed_wrapper/share/zed_wrapper/hook/cmake_prefix_path.sh'
[45.603s] [34mcolcon.colcon_core.environment[0m [1;30mLevel 1[0m checking '/home/mustafa/evoart_ws/install/zed_wrapper/bin'
[45.603s] [34mcolcon.colcon_core.environment[0m [1;30mLevel 1[0m checking '/home/mustafa/evoart_ws/install/zed_wrapper/lib/pkgconfig/zed_wrapper.pc'
[45.603s] [34mcolcon.colcon_core.environment[0m [1;30mLevel 1[0m checking '/home/mustafa/evoart_ws/install/zed_wrapper/lib/python3.10/site-packages'
[45.604s] [34mcolcon.colcon_core.environment[0m [1;30mLevel 1[0m checking '/home/mustafa/evoart_ws/install/zed_wrapper/bin'
[45.604s] [34mcolcon.colcon_core.shell[0m [1;30mINFO[0m Creating package script '/home/mustafa/evoart_ws/install/zed_wrapper/share/zed_wrapper/package.ps1'
[45.604s] [34mcolcon.colcon_core.shell[0m [1;30mINFO[0m Creating package descriptor '/home/mustafa/evoart_ws/install/zed_wrapper/share/zed_wrapper/package.dsv'
[45.604s] [34mcolcon.colcon_core.shell[0m [1;30mINFO[0m Creating package script '/home/mustafa/evoart_ws/install/zed_wrapper/share/zed_wrapper/package.sh'
[45.605s] [34mcolcon.colcon_core.shell[0m [1;30mINFO[0m Creating package script '/home/mustafa/evoart_ws/install/zed_wrapper/share/zed_wrapper/package.bash'
[45.605s] [34mcolcon.colcon_core.shell[0m [1;30mINFO[0m Creating package script '/home/mustafa/evoart_ws/install/zed_wrapper/share/zed_wrapper/package.zsh'
[45.605s] [34mcolcon.colcon_core.environment[0m [1;30mLevel 1[0m create_file_with_runtime_dependencies(/home/mustafa/evoart_ws/install/zed_wrapper/share/colcon-core/packages/zed_wrapper)
[45.605s] [34mcolcon.colcon_ros.task.ament_cmake.build[0m [1;30mINFO[0m Building ROS package in '/home/mustafa/evoart_ws/src/zed-ros2-wrapper/zed_ros2' with build type 'ament_cmake'
[45.605s] [34mcolcon.colcon_cmake.task.cmake.build[0m [1;30mINFO[0m Building CMake package in '/home/mustafa/evoart_ws/src/zed-ros2-wrapper/zed_ros2'
[45.605s] [34mcolcon.colcon_core.shell[0m [1;30mINFO[0m Skip shell extension 'powershell' for command environment: Not usable outside of PowerShell
[45.605s] [34mcolcon.colcon_core.shell[0m [1;30mDEBUG[0m [32mSkip shell extension 'dsv' for command environment[0m
[45.614s] [34mcolcon.colcon_core.event_handler.log_command[0m [1;30mDEBUG[0m [32mInvoking command in '/home/mustafa/evoart_ws/build/zed_ros2': AMENT_PREFIX_PATH=/home/mustafa/evoart_ws/install/zed_wrapper:/home/mustafa/evoart_ws/install/zed_components:${AMENT_PREFIX_PATH} CMAKE_PREFIX_PATH=/home/mustafa/evoart_ws/install/zed_wrapper:/home/mustafa/evoart_ws/install/zed_components:/home/mustafa/evoart_ws/install/evoart_control:/home/mustafa/evoart_ws/install/evoart_interfaces:/opt/ros/humble LD_LIBRARY_PATH=/home/mustafa/evoart_ws/install/zed_components/lib:${LD_LIBRARY_PATH} /usr/bin/cmake /home/mustafa/evoart_ws/src/zed-ros2-wrapper/zed_ros2 -DCMAKE_INSTALL_PREFIX=/home/mustafa/evoart_ws/install/zed_ros2[0m
[45.871s] [34mcolcon.colcon_core.event_handler.log_command[0m [1;30mDEBUG[0m [32mInvoked command in '/home/mustafa/evoart_ws/build/zed_ros2' returned '0': AMENT_PREFIX_PATH=/home/mustafa/evoart_ws/install/zed_wrapper:/home/mustafa/evoart_ws/install/zed_components:${AMENT_PREFIX_PATH} CMAKE_PREFIX_PATH=/home/mustafa/evoart_ws/install/zed_wrapper:/home/mustafa/evoart_ws/install/zed_components:/home/mustafa/evoart_ws/install/evoart_control:/home/mustafa/evoart_ws/install/evoart_interfaces:/opt/ros/humble LD_LIBRARY_PATH=/home/mustafa/evoart_ws/install/zed_components/lib:${LD_LIBRARY_PATH} /usr/bin/cmake /home/mustafa/evoart_ws/src/zed-ros2-wrapper/zed_ros2 -DCMAKE_INSTALL_PREFIX=/home/mustafa/evoart_ws/install/zed_ros2[0m
[45.872s] [34mcolcon.colcon_core.event_handler.log_command[0m [1;30mDEBUG[0m [32mInvoking command in '/home/mustafa/evoart_ws/build/zed_ros2': AMENT_PREFIX_PATH=/home/mustafa/evoart_ws/install/zed_wrapper:/home/mustafa/evoart_ws/install/zed_components:${AMENT_PREFIX_PATH} CMAKE_PREFIX_PATH=/home/mustafa/evoart_ws/install/zed_wrapper:/home/mustafa/evoart_ws/install/zed_components:/home/mustafa/evoart_ws/install/evoart_control:/home/mustafa/evoart_ws/install/evoart_interfaces:/opt/ros/humble LD_LIBRARY_PATH=/home/mustafa/evoart_ws/install/zed_components/lib:${LD_LIBRARY_PATH} /usr/bin/cmake --build /home/mustafa/evoart_ws/build/zed_ros2 -- -j32 -l32[0m
[45.900s] [34mcolcon.colcon_core.event_handler.log_command[0m [1;30mDEBUG[0m [32mInvoked command in '/home/mustafa/evoart_ws/build/zed_ros2' returned '0': AMENT_PREFIX_PATH=/home/mustafa/evoart_ws/install/zed_wrapper:/home/mustafa/evoart_ws/install/zed_components:${AMENT_PREFIX_PATH} CMAKE_PREFIX_PATH=/home/mustafa/evoart_ws/install/zed_wrapper:/home/mustafa/evoart_ws/install/zed_components:/home/mustafa/evoart_ws/install/evoart_control:/home/mustafa/evoart_ws/install/evoart_interfaces:/opt/ros/humble LD_LIBRARY_PATH=/home/mustafa/evoart_ws/install/zed_components/lib:${LD_LIBRARY_PATH} /usr/bin/cmake --build /home/mustafa/evoart_ws/build/zed_ros2 -- -j32 -l32[0m
[45.901s] [34mcolcon.colcon_core.event_handler.log_command[0m [1;30mDEBUG[0m [32mInvoking command in '/home/mustafa/evoart_ws/build/zed_ros2': AMENT_PREFIX_PATH=/home/mustafa/evoart_ws/install/zed_wrapper:/home/mustafa/evoart_ws/install/zed_components:${AMENT_PREFIX_PATH} CMAKE_PREFIX_PATH=/home/mustafa/evoart_ws/install/zed_wrapper:/home/mustafa/evoart_ws/install/zed_components:/home/mustafa/evoart_ws/install/evoart_control:/home/mustafa/evoart_ws/install/evoart_interfaces:/opt/ros/humble LD_LIBRARY_PATH=/home/mustafa/evoart_ws/install/zed_components/lib:${LD_LIBRARY_PATH} /usr/bin/cmake --install /home/mustafa/evoart_ws/build/zed_ros2[0m
[45.909s] [34mcolcon.colcon_core.environment[0m [1;30mLevel 1[0m create_environment_scripts_only(zed_ros2)
[45.909s] [34mcolcon.colcon_core.environment[0m [1;30mLevel 1[0m checking '/home/mustafa/evoart_ws/install/zed_ros2' for CMake module files
[45.909s] [34mcolcon.colcon_core.event_handler.log_command[0m [1;30mDEBUG[0m [32mInvoked command in '/home/mustafa/evoart_ws/build/zed_ros2' returned '0': AMENT_PREFIX_PATH=/home/mustafa/evoart_ws/install/zed_wrapper:/home/mustafa/evoart_ws/install/zed_components:${AMENT_PREFIX_PATH} CMAKE_PREFIX_PATH=/home/mustafa/evoart_ws/install/zed_wrapper:/home/mustafa/evoart_ws/install/zed_components:/home/mustafa/evoart_ws/install/evoart_control:/home/mustafa/evoart_ws/install/evoart_interfaces:/opt/ros/humble LD_LIBRARY_PATH=/home/mustafa/evoart_ws/install/zed_components/lib:${LD_LIBRARY_PATH} /usr/bin/cmake --install /home/mustafa/evoart_ws/build/zed_ros2[0m
[45.910s] [34mcolcon.colcon_core.environment[0m [1;30mLevel 1[0m checking '/home/mustafa/evoart_ws/install/zed_ros2' for CMake config files
[45.910s] [34mcolcon.colcon_core.shell[0m [1;30mLevel 1[0m create_environment_hook('zed_ros2', 'cmake_prefix_path')
[45.910s] [34mcolcon.colcon_core.shell[0m [1;30mINFO[0m Creating environment hook '/home/mustafa/evoart_ws/install/zed_ros2/share/zed_ros2/hook/cmake_prefix_path.ps1'
[45.910s] [34mcolcon.colcon_core.shell[0m [1;30mINFO[0m Creating environment descriptor '/home/mustafa/evoart_ws/install/zed_ros2/share/zed_ros2/hook/cmake_prefix_path.dsv'
[45.910s] [34mcolcon.colcon_core.shell[0m [1;30mINFO[0m Creating environment hook '/home/mustafa/evoart_ws/install/zed_ros2/share/zed_ros2/hook/cmake_prefix_path.sh'
[45.911s] [34mcolcon.colcon_core.environment[0m [1;30mLevel 1[0m checking '/home/mustafa/evoart_ws/install/zed_ros2/bin'
[45.911s] [34mcolcon.colcon_core.environment[0m [1;30mLevel 1[0m checking '/home/mustafa/evoart_ws/install/zed_ros2/lib/pkgconfig/zed_ros2.pc'
[45.911s] [34mcolcon.colcon_core.environment[0m [1;30mLevel 1[0m checking '/home/mustafa/evoart_ws/install/zed_ros2/lib/python3.10/site-packages'
[45.911s] [34mcolcon.colcon_core.environment[0m [1;30mLevel 1[0m checking '/home/mustafa/evoart_ws/install/zed_ros2/bin'
[45.911s] [34mcolcon.colcon_core.shell[0m [1;30mINFO[0m Creating package script '/home/mustafa/evoart_ws/install/zed_ros2/share/zed_ros2/package.ps1'
[45.911s] [34mcolcon.colcon_core.shell[0m [1;30mINFO[0m Creating package descriptor '/home/mustafa/evoart_ws/install/zed_ros2/share/zed_ros2/package.dsv'
[45.912s] [34mcolcon.colcon_core.shell[0m [1;30mINFO[0m Creating package script '/home/mustafa/evoart_ws/install/zed_ros2/share/zed_ros2/package.sh'
[45.912s] [34mcolcon.colcon_core.shell[0m [1;30mINFO[0m Creating package script '/home/mustafa/evoart_ws/install/zed_ros2/share/zed_ros2/package.bash'
[45.912s] [34mcolcon.colcon_core.shell[0m [1;30mINFO[0m Creating package script '/home/mustafa/evoart_ws/install/zed_ros2/share/zed_ros2/package.zsh'
[45.912s] [34mcolcon.colcon_core.environment[0m [1;30mLevel 1[0m create_file_with_runtime_dependencies(/home/mustafa/evoart_ws/install/zed_ros2/share/colcon-core/packages/zed_ros2)
[45.913s] [34mcolcon.colcon_core.environment[0m [1;30mLevel 1[0m create_environment_scripts_only(zed_ros2)
[45.913s] [34mcolcon.colcon_core.environment[0m [1;30mLevel 1[0m checking '/home/mustafa/evoart_ws/install/zed_ros2' for CMake module files
[45.913s] [34mcolcon.colcon_core.environment[0m [1;30mLevel 1[0m checking '/home/mustafa/evoart_ws/install/zed_ros2' for CMake config files
[45.913s] [34mcolcon.colcon_core.shell[0m [1;30mLevel 1[0m create_environment_hook('zed_ros2', 'cmake_prefix_path')
[45.913s] [34mcolcon.colcon_core.shell[0m [1;30mINFO[0m Creating environment hook '/home/mustafa/evoart_ws/install/zed_ros2/share/zed_ros2/hook/cmake_prefix_path.ps1'
[45.913s] [34mcolcon.colcon_core.shell[0m [1;30mINFO[0m Creating environment descriptor '/home/mustafa/evoart_ws/install/zed_ros2/share/zed_ros2/hook/cmake_prefix_path.dsv'
[45.914s] [34mcolcon.colcon_core.shell[0m [1;30mINFO[0m Creating environment hook '/home/mustafa/evoart_ws/install/zed_ros2/share/zed_ros2/hook/cmake_prefix_path.sh'
[45.914s] [34mcolcon.colcon_core.environment[0m [1;30mLevel 1[0m checking '/home/mustafa/evoart_ws/install/zed_ros2/bin'
[45.914s] [34mcolcon.colcon_core.environment[0m [1;30mLevel 1[0m checking '/home/mustafa/evoart_ws/install/zed_ros2/lib/pkgconfig/zed_ros2.pc'
[45.914s] [34mcolcon.colcon_core.environment[0m [1;30mLevel 1[0m checking '/home/mustafa/evoart_ws/install/zed_ros2/lib/python3.10/site-packages'
[45.914s] [34mcolcon.colcon_core.environment[0m [1;30mLevel 1[0m checking '/home/mustafa/evoart_ws/install/zed_ros2/bin'
[45.914s] [34mcolcon.colcon_core.shell[0m [1;30mINFO[0m Creating package script '/home/mustafa/evoart_ws/install/zed_ros2/share/zed_ros2/package.ps1'
[45.915s] [34mcolcon.colcon_core.shell[0m [1;30mINFO[0m Creating package descriptor '/home/mustafa/evoart_ws/install/zed_ros2/share/zed_ros2/package.dsv'
[45.915s] [34mcolcon.colcon_core.shell[0m [1;30mINFO[0m Creating package script '/home/mustafa/evoart_ws/install/zed_ros2/share/zed_ros2/package.sh'
[45.915s] [34mcolcon.colcon_core.shell[0m [1;30mINFO[0m Creating package script '/home/mustafa/evoart_ws/install/zed_ros2/share/zed_ros2/package.bash'
[45.915s] [34mcolcon.colcon_core.shell[0m [1;30mINFO[0m Creating package script '/home/mustafa/evoart_ws/install/zed_ros2/share/zed_ros2/package.zsh'
[45.916s] [34mcolcon.colcon_core.environment[0m [1;30mLevel 1[0m create_file_with_runtime_dependencies(/home/mustafa/evoart_ws/install/zed_ros2/share/colcon-core/packages/zed_ros2)
[46.488s] [34mcolcon.colcon_core.event_handler.log_command[0m [1;30mDEBUG[0m [32mInvoked command in '/home/mustafa/evoart_ws/build/zed_debug' returned '0': AMENT_PREFIX_PATH=/home/mustafa/evoart_ws/install/zed_components:${AMENT_PREFIX_PATH} CMAKE_PREFIX_PATH=/home/mustafa/evoart_ws/install/zed_components:/home/mustafa/evoart_ws/install/evoart_control:/home/mustafa/evoart_ws/install/evoart_interfaces:/opt/ros/humble LD_LIBRARY_PATH=/home/mustafa/evoart_ws/install/zed_components/lib:${LD_LIBRARY_PATH} /usr/bin/cmake /home/mustafa/evoart_ws/src/zed-ros2-wrapper/zed_debug -DCMAKE_INSTALL_PREFIX=/home/mustafa/evoart_ws/install/zed_debug[0m
[46.489s] [34mcolcon.colcon_core.event_handler.log_command[0m [1;30mDEBUG[0m [32mInvoking command in '/home/mustafa/evoart_ws/build/zed_debug': AMENT_PREFIX_PATH=/home/mustafa/evoart_ws/install/zed_components:${AMENT_PREFIX_PATH} CMAKE_PREFIX_PATH=/home/mustafa/evoart_ws/install/zed_components:/home/mustafa/evoart_ws/install/evoart_control:/home/mustafa/evoart_ws/install/evoart_interfaces:/opt/ros/humble LD_LIBRARY_PATH=/home/mustafa/evoart_ws/install/zed_components/lib:${LD_LIBRARY_PATH} /usr/bin/cmake --build /home/mustafa/evoart_ws/build/zed_debug -- -j32 -l32[0m
[50.109s] [34mcolcon.colcon_core.event_handler.log_command[0m [1;30mDEBUG[0m [32mInvoked command in '/home/mustafa/evoart_ws/build/zed_debug' returned '0': AMENT_PREFIX_PATH=/home/mustafa/evoart_ws/install/zed_components:${AMENT_PREFIX_PATH} CMAKE_PREFIX_PATH=/home/mustafa/evoart_ws/install/zed_components:/home/mustafa/evoart_ws/install/evoart_control:/home/mustafa/evoart_ws/install/evoart_interfaces:/opt/ros/humble LD_LIBRARY_PATH=/home/mustafa/evoart_ws/install/zed_components/lib:${LD_LIBRARY_PATH} /usr/bin/cmake --build /home/mustafa/evoart_ws/build/zed_debug -- -j32 -l32[0m
[50.110s] [34mcolcon.colcon_core.event_handler.log_command[0m [1;30mDEBUG[0m [32mInvoking command in '/home/mustafa/evoart_ws/build/zed_debug': AMENT_PREFIX_PATH=/home/mustafa/evoart_ws/install/zed_components:${AMENT_PREFIX_PATH} CMAKE_PREFIX_PATH=/home/mustafa/evoart_ws/install/zed_components:/home/mustafa/evoart_ws/install/evoart_control:/home/mustafa/evoart_ws/install/evoart_interfaces:/opt/ros/humble LD_LIBRARY_PATH=/home/mustafa/evoart_ws/install/zed_components/lib:${LD_LIBRARY_PATH} /usr/bin/cmake --install /home/mustafa/evoart_ws/build/zed_debug[0m
[50.122s] [34mcolcon.colcon_core.environment[0m [1;30mLevel 1[0m create_environment_scripts_only(zed_debug)
[50.122s] [34mcolcon.colcon_core.environment[0m [1;30mLevel 1[0m checking '/home/mustafa/evoart_ws/install/zed_debug' for CMake module files
[50.122s] [34mcolcon.colcon_core.event_handler.log_command[0m [1;30mDEBUG[0m [32mInvoked command in '/home/mustafa/evoart_ws/build/zed_debug' returned '0': AMENT_PREFIX_PATH=/home/mustafa/evoart_ws/install/zed_components:${AMENT_PREFIX_PATH} CMAKE_PREFIX_PATH=/home/mustafa/evoart_ws/install/zed_components:/home/mustafa/evoart_ws/install/evoart_control:/home/mustafa/evoart_ws/install/evoart_interfaces:/opt/ros/humble LD_LIBRARY_PATH=/home/mustafa/evoart_ws/install/zed_components/lib:${LD_LIBRARY_PATH} /usr/bin/cmake --install /home/mustafa/evoart_ws/build/zed_debug[0m
[50.122s] [34mcolcon.colcon_core.environment[0m [1;30mLevel 1[0m checking '/home/mustafa/evoart_ws/install/zed_debug' for CMake config files
[50.122s] [34mcolcon.colcon_core.shell[0m [1;30mLevel 1[0m create_environment_hook('zed_debug', 'cmake_prefix_path')
[50.123s] [34mcolcon.colcon_core.shell[0m [1;30mINFO[0m Creating environment hook '/home/mustafa/evoart_ws/install/zed_debug/share/zed_debug/hook/cmake_prefix_path.ps1'
[50.123s] [34mcolcon.colcon_core.shell[0m [1;30mINFO[0m Creating environment descriptor '/home/mustafa/evoart_ws/install/zed_debug/share/zed_debug/hook/cmake_prefix_path.dsv'
[50.123s] [34mcolcon.colcon_core.shell[0m [1;30mINFO[0m Creating environment hook '/home/mustafa/evoart_ws/install/zed_debug/share/zed_debug/hook/cmake_prefix_path.sh'
[50.123s] [34mcolcon.colcon_core.environment[0m [1;30mLevel 1[0m checking '/home/mustafa/evoart_ws/install/zed_debug/lib'
[50.123s] [34mcolcon.colcon_core.environment[0m [1;30mLevel 1[0m checking '/home/mustafa/evoart_ws/install/zed_debug/bin'
[50.123s] [34mcolcon.colcon_core.environment[0m [1;30mLevel 1[0m checking '/home/mustafa/evoart_ws/install/zed_debug/lib/pkgconfig/zed_debug.pc'
[50.124s] [34mcolcon.colcon_core.environment[0m [1;30mLevel 1[0m checking '/home/mustafa/evoart_ws/install/zed_debug/lib/python3.10/site-packages'
[50.124s] [34mcolcon.colcon_core.environment[0m [1;30mLevel 1[0m checking '/home/mustafa/evoart_ws/install/zed_debug/bin'
[50.124s] [34mcolcon.colcon_core.shell[0m [1;30mINFO[0m Creating package script '/home/mustafa/evoart_ws/install/zed_debug/share/zed_debug/package.ps1'
[50.124s] [34mcolcon.colcon_core.shell[0m [1;30mINFO[0m Creating package descriptor '/home/mustafa/evoart_ws/install/zed_debug/share/zed_debug/package.dsv'
[50.124s] [34mcolcon.colcon_core.shell[0m [1;30mINFO[0m Creating package script '/home/mustafa/evoart_ws/install/zed_debug/share/zed_debug/package.sh'
[50.125s] [34mcolcon.colcon_core.shell[0m [1;30mINFO[0m Creating package script '/home/mustafa/evoart_ws/install/zed_debug/share/zed_debug/package.bash'
[50.125s] [34mcolcon.colcon_core.shell[0m [1;30mINFO[0m Creating package script '/home/mustafa/evoart_ws/install/zed_debug/share/zed_debug/package.zsh'
[50.125s] [34mcolcon.colcon_core.environment[0m [1;30mLevel 1[0m create_file_with_runtime_dependencies(/home/mustafa/evoart_ws/install/zed_debug/share/colcon-core/packages/zed_debug)
[50.125s] [34mcolcon.colcon_core.environment[0m [1;30mLevel 1[0m create_environment_scripts_only(zed_debug)
[50.125s] [34mcolcon.colcon_core.environment[0m [1;30mLevel 1[0m checking '/home/mustafa/evoart_ws/install/zed_debug' for CMake module files
[50.126s] [34mcolcon.colcon_core.environment[0m [1;30mLevel 1[0m checking '/home/mustafa/evoart_ws/install/zed_debug' for CMake config files
[50.126s] [34mcolcon.colcon_core.shell[0m [1;30mLevel 1[0m create_environment_hook('zed_debug', 'cmake_prefix_path')
[50.126s] [34mcolcon.colcon_core.shell[0m [1;30mINFO[0m Creating environment hook '/home/mustafa/evoart_ws/install/zed_debug/share/zed_debug/hook/cmake_prefix_path.ps1'
[50.126s] [34mcolcon.colcon_core.shell[0m [1;30mINFO[0m Creating environment descriptor '/home/mustafa/evoart_ws/install/zed_debug/share/zed_debug/hook/cmake_prefix_path.dsv'
[50.126s] [34mcolcon.colcon_core.shell[0m [1;30mINFO[0m Creating environment hook '/home/mustafa/evoart_ws/install/zed_debug/share/zed_debug/hook/cmake_prefix_path.sh'
[50.127s] [34mcolcon.colcon_core.environment[0m [1;30mLevel 1[0m checking '/home/mustafa/evoart_ws/install/zed_debug/lib'
[50.127s] [34mcolcon.colcon_core.environment[0m [1;30mLevel 1[0m checking '/home/mustafa/evoart_ws/install/zed_debug/bin'
[50.127s] [34mcolcon.colcon_core.environment[0m [1;30mLevel 1[0m checking '/home/mustafa/evoart_ws/install/zed_debug/lib/pkgconfig/zed_debug.pc'
[50.127s] [34mcolcon.colcon_core.environment[0m [1;30mLevel 1[0m checking '/home/mustafa/evoart_ws/install/zed_debug/lib/python3.10/site-packages'
[50.127s] [34mcolcon.colcon_core.environment[0m [1;30mLevel 1[0m checking '/home/mustafa/evoart_ws/install/zed_debug/bin'
[50.127s] [34mcolcon.colcon_core.shell[0m [1;30mINFO[0m Creating package script '/home/mustafa/evoart_ws/install/zed_debug/share/zed_debug/package.ps1'
[50.127s] [34mcolcon.colcon_core.shell[0m [1;30mINFO[0m Creating package descriptor '/home/mustafa/evoart_ws/install/zed_debug/share/zed_debug/package.dsv'
[50.128s] [34mcolcon.colcon_core.shell[0m [1;30mINFO[0m Creating package script '/home/mustafa/evoart_ws/install/zed_debug/share/zed_debug/package.sh'
[50.128s] [34mcolcon.colcon_core.shell[0m [1;30mINFO[0m Creating package script '/home/mustafa/evoart_ws/install/zed_debug/share/zed_debug/package.bash'
[50.128s] [34mcolcon.colcon_core.shell[0m [1;30mINFO[0m Creating package script '/home/mustafa/evoart_ws/install/zed_debug/share/zed_debug/package.zsh'
[50.128s] [34mcolcon.colcon_core.environment[0m [1;30mLevel 1[0m create_file_with_runtime_dependencies(/home/mustafa/evoart_ws/install/zed_debug/share/colcon-core/packages/zed_debug)
[50.128s] [34mcolcon.colcon_parallel_executor.executor.parallel[0m [1;30mDEBUG[0m [32mclosing loop[0m
[50.129s] [34mcolcon.colcon_parallel_executor.executor.parallel[0m [1;30mDEBUG[0m [32mloop closed[0m
[50.129s] [34mcolcon.colcon_parallel_executor.executor.parallel[0m [1;30mDEBUG[0m [32mrun_until_complete finished with '0'[0m
[50.129s] [34mcolcon.colcon_core.event_reactor[0m [1;30mDEBUG[0m [32mjoining thread[0m
[50.132s] [34mcolcon.colcon_core.plugin_system[0m [1;30mINFO[0m Skipping extension 'colcon_notification.desktop_notification.terminal_notifier': Not used on non-Darwin systems
[50.132s] [34mcolcon.colcon_core.plugin_system[0m [1;30mINFO[0m Skipping extension 'colcon_notification.desktop_notification.win32': Not used on non-Windows systems
[50.132s] [34mcolcon.colcon_notification.desktop_notification[0m [1;30mINFO[0m Sending desktop notification using 'notify2'
[50.139s] [34mcolcon.colcon_core.event_reactor[0m [1;30mDEBUG[0m [32mjoined thread[0m
[50.139s] [34mcolcon.colcon_core.shell[0m [1;30mINFO[0m Creating prefix script '/home/mustafa/evoart_ws/install/local_setup.ps1'
[50.140s] [34mcolcon.colcon_core.shell[0m [1;30mINFO[0m Creating prefix util module '/home/mustafa/evoart_ws/install/_local_setup_util_ps1.py'
[50.141s] [34mcolcon.colcon_core.shell[0m [1;30mINFO[0m Creating prefix chain script '/home/mustafa/evoart_ws/install/setup.ps1'
[50.142s] [34mcolcon.colcon_core.shell[0m [1;30mINFO[0m Creating prefix script '/home/mustafa/evoart_ws/install/local_setup.sh'
[50.142s] [34mcolcon.colcon_core.shell[0m [1;30mINFO[0m Creating prefix util module '/home/mustafa/evoart_ws/install/_local_setup_util_sh.py'
[50.143s] [34mcolcon.colcon_core.shell[0m [1;30mINFO[0m Creating prefix chain script '/home/mustafa/evoart_ws/install/setup.sh'
[50.144s] [34mcolcon.colcon_core.shell[0m [1;30mINFO[0m Creating prefix script '/home/mustafa/evoart_ws/install/local_setup.bash'
[50.145s] [34mcolcon.colcon_core.shell[0m [1;30mINFO[0m Creating prefix chain script '/home/mustafa/evoart_ws/install/setup.bash'
[50.146s] [34mcolcon.colcon_core.shell[0m [1;30mINFO[0m Creating prefix script '/home/mustafa/evoart_ws/install/local_setup.zsh'
[50.146s] [34mcolcon.colcon_core.shell[0m [1;30mINFO[0m Creating prefix chain script '/home/mustafa/evoart_ws/install/setup.zsh'
